Workbook

Sheet Поставка
A1: Приложение №1.1 - Спецификация №1.xlsx | B1: № п/п | C1: Идентификатор | D1: Наименование | E1: Сумма без НДС | F1: Сумма с НДС | G1: Дата поставки | H1: Дата акта ВК | I1: Просрочка - сроки (дни) | J1: Неустройка (руб.) | K1: Риск задержки (дни) | L1: Риск просрочки - сроки (дни) | M1: Риск неустойки поставки (руб.) | O1: Сумма к выплате (дата поставки) | P1: Риск Сумма к выплате (дата поставки) | Q1: Риск задержки (дни)
A2: Приложение №1.1 - Спецификация №1.xlsx | B2: 1 | C2: 2.ИСУП.17300148 | D2: Клапан запорно-регулирующий | E2: 2763834.2 | F2: 3316601 | G2: 45607 | H2: 45760 | I2: =TODAY()-спецификация[[#This Row],[Дата поставки]]-SUM('Справочник условий'!E:E) -> -1351 | J2: =IFERROR(IF(спецификация[[#This Row],[Просрочка - сроки (дни)]]>0, (E2*'Справочник условий'!$H$2)*'Справочник условий'!H2,0),"") -> 0 | K2: =$Q$2 -> 1260 | L2: =спецификация[[#This Row],[Просрочка - сроки (дни)]]+K2 -> -91 | M2: =IFERROR(IF(спецификация[[#This Row],[Риск просрочки - сроки (дни)]]>0, (E2*'Справочник условий'!$H$2)*K2,0),"") -> 0 | O2: =IF(SUM(J:J)>'Справочник условий'!K2*'Справочник условий'!H3,'Справочник условий'!K2*'Справочник условий'!H3,(J:J)) -> 0 | P2: =IF(SUM(M:M)>'Справочник условий'!K2*'Справочник условий'!H3,'Справочник условий'!K2*'Справочник условий'!H3,(M:M)) -> 4762800 | Q2: 1260
A3: Приложение №1.1 - Спецификация №1.xlsx | B3: 2 | C3: 2.ИСУП.17300301 | D3: Клапан регулирующий | E3: 4482244.8 | F3: 5378693.8 | G3: 45487 | H3: 45640 | I3: =TODAY()-спецификация[[#This Row],[Дата поставки]]-SUM('Справочник условий'!E:E) -> -1231 | J3: =IFERROR(IF(спецификация[[#This Row],[Просрочка - сроки (дни)]]>0, (E3*'Справочник условий'!$H$2)*'Справочник условий'!#REF!,0),"") -> 0 | K3: =$Q$2 -> 1260 | L3: =спецификация[[#This Row],[Просрочка - сроки (дни)]]+K3 -> 29 | M3: =IFERROR(IF(спецификация[[#This Row],[Риск просрочки - сроки (дни)]]>0, (E3*'Справочник условий'!$H$2)*K3,0),"") -> 3388577.1
A4: Приложение №1.1 - Спецификация №1.xlsx | B4: 3 | C4: 2.ИСУП.17300448 | D4: Клапан запорно-регулирующий | E4: 3004219.8 | F4: 3605063.8 | G4: 45577 | H4: 45730 | I4: =TODAY()-спецификация[[#This Row],[Дата поставки]]-SUM('Справочник условий'!E:E) -> -1321 | J4: =IFERROR(IF(спецификация[[#This Row],[Просрочка - сроки (дни)]]>0, (E4*'Справочник условий'!$H$2)*'Справочник условий'!H3,0),"") -> 0 | K4: =$Q$2 -> 1260 | L4: =спецификация[[#This Row],[Просрочка - сроки (дни)]]+K4 -> -61 | M4: =IFERROR(IF(спецификация[[#This Row],[Риск просрочки - сроки (дни)]]>0, (E4*'Справочник условий'!$H$2)*K4,0),"") -> 0
A5: Приложение №1.1 - Спецификация №1.xlsx | B5: 4 | C5: 2.ИСУП.17300584 | D5: Клапан запорно-регулирующий | E5: 4662639.4 | F5: 5595167.2 | G5: 45517 | H5: 45670 | I5: =TODAY()-спецификация[[#This Row],[Дата поставки]]-SUM('Справочник условий'!E:E) -> -1261 | J5: =IFERROR(IF(спецификация[[#This Row],[Просрочка - сроки (дни)]]>0, (E5*'Справочник условий'!$H$2)*'Справочник условий'!H4,0),"") -> 0 | K5: =$Q$2 -> 1260 | L5: =спецификация[[#This Row],[Просрочка - сроки (дни)]]+K5 -> -1 | M5: =IFERROR(IF(спецификация[[#This Row],[Риск просрочки - сроки (дни)]]>0, (E5*'Справочник условий'!$H$2)*K5,0),"") -> 0
A6: Приложение №1.1 - Спецификация №1.xlsx | B6: 5 | C6: 2.ИСУП.17300709 | D6: Клапан регулирующий проходной | E6: 2272685.8 | F6: 2727223 | G6: 45457 | H6: 45610 | I6: =TODAY()-спецификация[[#This Row],[Дата поставки]]-SUM('Справочник условий'!E:E) -> -1201 | J6: =IFERROR(IF(спецификация[[#This Row],[Просрочка - сроки (дни)]]>0, (E6*'Справочник условий'!$H$2)*'Справочник условий'!H5,0),"") -> 0 | K6: =$Q$2 -> 1260 | L6: =спецификация[[#This Row],[Просрочка - сроки (дни)]]+K6 -> 59 | M6: =IFERROR(IF(спецификация[[#This Row],[Риск просрочки - сроки (дни)]]>0, (E6*'Справочник условий'!$H$2)*K6,0),"") -> 1718150.5
A7: Приложение №1.1 - Спецификация №1.xlsx | B7: 6 | C7: 2.ИСУП.17300900 | D7: Клапан регулирующий | E7: 2913691 | F7: 3496429.2 | G7: 45517 | H7: 45670 | I7: =TODAY()-спецификация[[#This Row],[Дата поставки]]-SUM('Справочник условий'!E:E) -> -1261 | J7: =IFERROR(IF(спецификация[[#This Row],[Просрочка - сроки (дни)]]>0, (E7*'Справочник условий'!$H$2)*'Справочник условий'!H6,0),"") -> 0 | K7: =$Q$2 -> 1260 | L7: =спецификация[[#This Row],[Просрочка - сроки (дни)]]+K7 -> -1 | M7: =IFERROR(IF(спецификация[[#This Row],[Риск просрочки - сроки (дни)]]>0, (E7*'Справочник условий'!$H$2)*K7,0),"") -> 0
A8: Приложение №1.1 - Спецификация №1.xlsx | B8: 7 | C8: 2.ИСУП.17301051 | D8: Клапан запорно-регулирующий | E8: 1915763.5 | F8: 2298916.1 | G8: 45607 | H8: 45760 | I8: =TODAY()-спецификация[[#This Row],[Дата поставки]]-SUM('Справочник условий'!E:E) -> -1351 | J8: =IFERROR(IF(спецификация[[#This Row],[Просрочка - сроки (дни)]]>0, (E8*'Справочник условий'!$H$2)*'Справочник условий'!H7,0),"") -> 0 | K8: =$Q$2 -> 1260 | L8: =спецификация[[#This Row],[Просрочка - сроки (дни)]]+K8 -> -91 | M8: =IFERROR(IF(спецификация[[#This Row],[Риск просрочки - сроки (дни)]]>0, (E8*'Справочник условий'!$H$2)*K8,0),"") -> 0
A9: Приложение №1.1 - Спецификация №1.xlsx | B9: 8 | C9: 2.ИСУП.17301167 | D9: Клапан регулирующий | E9: 1981129.5 | F9: 2377355.4 | G9: 45517 | H9: 45670 | I9: =TODAY()-спецификация[[#This Row],[Дата поставки]]-SUM('Справочник условий'!E:E) -> -1261 | J9: =IFERROR(IF(спецификация[[#This Row],[Просрочка - сроки (дни)]]>0, (E9*'Справочник условий'!$H$2)*'Справочник условий'!H8,0),"") -> 0 | K9: =$Q$2 -> 1260 | L9: =спецификация[[#This Row],[Просрочка - сроки (дни)]]+K9 -> -1 | M9: =IFERROR(IF(спецификация[[#This Row],[Риск просрочки - сроки (дни)]]>0, (E9*'Справочник условий'!$H$2)*K9,0),"") -> 0
A10: Приложение №1.1 - Спецификация №1.xlsx | B10: 9 | C10: 2.ИСУП.17301295 | D10: Клапан запорно-регулирующий | E10: 1169697.4 | F10: 1403636.9 | G10: 45607 | H10: 45760 | I10: =TODAY()-спецификация[[#This Row],[Дата поставки]]-SUM('Справочник условий'!E:E) -> -1351 | J10: =IFERROR(IF(спецификация[[#This Row],[Просрочка - сроки (дни)]]>0, (E10*'Справочник условий'!$H$2)*'Справочник условий'!H9,0),"") -> 0 | K10: =$Q$2 -> 1260 | L10: =спецификация[[#This Row],[Просрочка - сроки (дни)]]+K10 -> -91 | M10: =IFERROR(IF(спецификация[[#This Row],[Риск просрочки - сроки (дни)]]>0, (E10*'Справочник условий'!$H$2)*K10,0),"") -> 0
A11: Приложение №1.1 - Спецификация №1.xlsx | B11: 10 | C11: 2.ИСУП.17301431 | D11: Клапан регулирующий | E11: 2566346.6 | F11: 3079615.9 | G11: 45577 | H11: 45730 | I11: =TODAY()-спецификация[[#This Row],[Дата поставки]]-SUM('Справочник условий'!E:E) -> -1321 | J11: =IFERROR(IF(спецификация[[#This Row],[Просрочка - сроки (дни)]]>0, (E11*'Справочник условий'!$H$2)*'Справочник условий'!H10,0),"") -> 0 | K11: =$Q$2 -> 1260 | L11: =спецификация[[#This Row],[Просрочка - сроки (дни)]]+K11 -> -61 | M11: =IFERROR(IF(спецификация[[#This Row],[Риск просрочки - сроки (дни)]]>0, (E11*'Справочник условий'!$H$2)*K11,0),"") -> 0
A12: Приложение №1.1 - Спецификация №1.xlsx | B12: 11 | C12: 2.ИСУП.17301528 | D12: Клапан регулирующий проходной | E12: 1435290.4 | F12: 1722348.5 | G12: 45457 | H12: 45610 | I12: =TODAY()-спецификация[[#This Row],[Дата поставки]]-SUM('Справочник условий'!E:E) -> -1201 | J12: =IFERROR(IF(спецификация[[#This Row],[Просрочка - сроки (дни)]]>0, (E12*'Справочник условий'!$H$2)*'Справочник условий'!H11,0),"") -> 0 | K12: =$Q$2 -> 1260 | L12: =спецификация[[#This Row],[Просрочка - сроки (дни)]]+K12 -> 59 | M12: =IFERROR(IF(спецификация[[#This Row],[Риск просрочки - сроки (дни)]]>0, (E12*'Справочник условий'!$H$2)*K12,0),"") -> 1085079.5
A13: Приложение №1.1 - Спецификация №1.xlsx | B13: 12 | C13: 2.ИСУП.17301733 | D13: Клапан регулирующий | E13: 2782482.7 | F13: 3338979.2 | G13: 45547 | H13: 45700 | I13: =TODAY()-спецификация[[#This Row],[Дата поставки]]-SUM('Справочник условий'!E:E) -> -1291 | J13: =IFERROR(IF(спецификация[[#This Row],[Просрочка - сроки (дни)]]>0, (E13*'Справочник условий'!$H$2)*'Справочник условий'!H12,0),"") -> 0 | K13: =$Q$2 -> 1260 | L13: =спецификация[[#This Row],[Просрочка - сроки (дни)]]+K13 -> -31 | M13: =IFERROR(IF(спецификация[[#This Row],[Риск просрочки - сроки (дни)]]>0, (E13*'Справочник условий'!$H$2)*K13,0),"") -> 0
A14: Приложение №1.1 - Спецификация №1.xlsx | B14: 13 | C14: 2.ИСУП.17301838 | D14: Клапан регулирующий проходной | E14: 1871013 | F14: 2245215.6 | G14: 45517 | H14: 45670 | I14: =TODAY()-спецификация[[#This Row],[Дата поставки]]-SUM('Справочник условий'!E:E) -> -1261 | J14: =IFERROR(IF(спецификация[[#This Row],[Просрочка - сроки (дни)]]>0, (E14*'Справочник условий'!$H$2)*'Справочник условий'!H13,0),"") -> 0 | K14: =$Q$2 -> 1260 | L14: =спецификация[[#This Row],[Просрочка - сроки (дни)]]+K14 -> -1 | M14: =IFERROR(IF(спецификация[[#This Row],[Риск просрочки - сроки (дни)]]>0, (E14*'Справочник условий'!$H$2)*K14,0),"") -> 0
A15: Приложение №1.1 - Спецификация №1.xlsx | B15: 14 | C15: 2.ИСУП.17301932 | D15: Клапан запорно-регулирующий | E15: 1488753.6 | F15: 1786504.3 | G15: 45577 | H15: 45730 | I15: =TODAY()-спецификация[[#This Row],[Дата поставки]]-SUM('Справочник условий'!E:E) -> -1321 | J15: =IFERROR(IF(спецификация[[#This Row],[Просрочка - сроки (дни)]]>0, (E15*'Справочник условий'!$H$2)*'Справочник условий'!H14,0),"") -> 0 | K15: =$Q$2 -> 1260 | L15: =спецификация[[#This Row],[Просрочка - сроки (дни)]]+K15 -> -61 | M15: =IFERROR(IF(спецификация[[#This Row],[Риск просрочки - сроки (дни)]]>0, (E15*'Справочник условий'!$H$2)*K15,0),"") -> 0
... A115: Приложение №1.2 - Спецификация №2.xlsx | B115: 57 | C115: 2.ИСУП.27307866 | D115: Клапан регулирующий | E115: 1498876.4 | F115: 1798651.7 | G115: 45607 | H115: 45760 | I115: =TODAY()-спецификация[[#This Row],[Дата поставки]]-SUM('Справочник условий'!E:E) -> -1351 | J115: =IFERROR(IF(спецификация[[#This Row],[Просрочка - сроки (дни)]]>0, (E115*'Справочник условий'!$H$2)*'Справочник условий'!H114,0),"") -> 0 | K115: =$Q$2 -> 1260 | L115: =спецификация[[#This Row],[Просрочка - сроки (дни)]]+K115 -> -91 | M115: =IFERROR(IF(спецификация[[#This Row],[Риск просрочки - сроки (дни)]]>0, (E115*'Справочник условий'!$H$2)*K115,0),"") -> 0

Sheet Справочник условий
A1: Тип действия | B1: Предоставлен | C1: Срок | D1: Факт | E1: Задержка | G1: Тип неустойки | H1: Сумма | J1: Дата договора | K1: Сумма по договору
A2: ТЗ | B2: 44948 | C2: =B2+76 -> 45024 | D2: 45600 | E2: =D2-C2 -> 576 | G2: ТЗ/ТУ поставщик неустойка (%) | H2: 0.0006 | J2: 44938 | K2: =SUM(Поставка!F:F) -> 238140000
A3: ТУ | B3: 44948 | C3: =B3+73 -> 45021 | D3: 45597 | E3: =D3-C3 -> 576 | G3: Общий макс | H3: 0.02
A4: Аванс 1 | B4: 44958 | C4: =B4+180 -> 45138 | D4: 45161 | E4: =D4-C4 -> 23
A5: Аванс 2 | B5: 44948 | C5: =B5+180 -> 45128 | D5: 45171 | E5: =D5-C5 -> 43
A6: Режим проектирования | B6: 44916 | C6: =B6+220 -> 45136 | D6: 45504 | E6: =D6-C6 -> 368
A7: ДС | B7: 45351 | C7: =B7+20 -> 45371 | D7: 45710 | E7: =D7-C7 -> 339
