Workbook

Sheet financial data
A1: id | B1: Причина дубля | C1: Ноябрь 2022 | D1: Декабрь 2022 | E1: Январь 2023 | F1: Февраль 2023 | G1: Март 2023 | H1: Апрель 2023 | I1: Май 2023 | J1: Июнь 2023 | K1: Июль 2023 | L1: Август 2023 | M1: Сентябрь 2023 | N1: Октябрь 2023 | O1: Ноябрь 2023 | P1: Декабрь 2023 | Q1: Январь 2024 | R1: Февраль 2024 | S1: Account
A2: 42 | C2: 36220 | S2: Васильев Артем Александрович
A3: 657 | B3: первая часть оплаты | C3: стоп | S3: Васильев Артем Александрович
A4: 657 | B4: вторая часть оплаты | C4: стоп | S4: Васильев Артем Александрович
A5: 594 | C5: стоп | S5: Васильев Артем Александрович
A6: 665 | C6: 10000 | S6: Васильев Артем Александрович
A7: 637 | C7: 38045 | S7: Соколова Анастасия Викторовна
A8: 419 | S8: Михайлов Андрей Сергеевич
A9: 578 | C9: 82800 | S9: Попова Екатерина Николаевна
A10: 579 | C10: в ноль | S10: Васильев Артем Александрович
A11: 592 | B11: первая часть оплаты | C11: 92302 | S11: Васильев Артем Александрович
A12: 592 | B12: вторая часть оплаты | C12: 12340 | S12: Васильев Артем Александрович
A13: 666 | C13: 110000 | S13: Васильев Артем Александрович
A14: 620 | C14: в ноль | S14: Васильев Артем Александрович
A15: 704 | B15: первая часть оплаты | C15: 35365 | S15: Михайлов Андрей Сергеевич
A16: 704 | B16: вторая часть оплаты | C16: 945 | S16: Михайлов Андрей Сергеевич
A17: 704 | B17: вторая часть оплаты | C17: 4715 | S17: Михайлов Андрей Сергеевич
A18: 16 | S18: Иванова Мария Сергеевна
A19: 379 | C19: 55195 | D19: 55195 | S19: Иванова Мария Сергеевна
A20: 31 | C20: 55100 | D20: 55100 | F20: 44775 | G20: 44775 | H20: 44775 | I20: 44775 | J20: 44775 | K20: 44775 | L20: 44775 | M20: 44775 | N20: 44775 | O20: 44775 | P20: 44775 | Q20: 44775 | R20: 46200 | S20: Васильев Артем Александрович
A21: 572 | B21: изменение ЮЛ | C21: 56200 | D21: стоп | S21: Васильев Артем Александрович
A22: 573 | B22: изменение ЮЛ | C22: 69210 | D22: стоп | S22: Васильев Артем Александрович
A23: 574 | B23: изменение ЮЛ | C23: 46755 | D23: стоп | S23: Васильев Артем Александрович
A24: 575 | B24: изменение ЮЛ | C24: 25020 | D24: стоп | S24: Васильев Артем Александрович
A25: 576 | B25: изменение ЮЛ | C25: 36365 | D25: стоп | S25: Васильев Артем Александрович
A26: 328 | C26: 116473.5 | D26: 110700 | S26: Иванова Мария Сергеевна
A27: 716 | B27: первая часть оплаты | C27: 18640 | D27: 18710 | S27: Соколова Анастасия Викторовна
A28: 716 | B28: вторая часть оплаты | C28: 3165 | D28: 2110 | S28: Соколова Анастасия Викторовна
A29: 613 | B29: первая часть оплаты | C29: в ноль | D29: стоп | S29: Васильев Артем Александрович
A30: 615 | B30: первая часть оплаты | C30: в ноль | D30: стоп | S30: Васильев Артем Александрович
A31: 617 | B31: первая часть оплаты | C31: в ноль | D31: стоп | S31: Васильев Артем Александрович
A32: 643 | B32: первая часть оплаты | C32: в ноль | D32: стоп | S32: Васильев Артем Александрович
A33: 318 | C33: 17950 | D33: 20590 | S33: Попова Екатерина Николаевна
A34: 603 | S34: Михайлов Андрей Сергеевич
A35: 461 | B35: первая часть оплаты | C35: 103230 | D35: 103230 | S35: Иванова Мария Сергеевна
A36: 461 | B36: вторая часть оплаты | C36: 27720 | D36: 27180 | S36: Иванова Мария Сергеевна
A37: 717 | D37: 34100 | S37: Попова Екатерина Николаевна
A38: 418 | C38: 160420 | D38: стоп | S38: Михайлов Андрей Сергеевич
A39: 456 | C39: 91240 | D39: стоп | S39: Михайлов Андрей Сергеевич
A40: 457 | C40: 104675 | D40: стоп | S40: Михайлов Андрей Сергеевич
A41: 454 | C41: 88540 | D41: 92140 | S41: Михайлов Андрей Сергеевич
A42: 455 | C42: 55000 | D42: 55000 | S42: Михайлов Андрей Сергеевич
A43: 693 | B43: изменение ЮЛ | C43: 81085 | D43: 82435 | S43: Попова Екатерина Николаевна
A44: 654 | C44: 150685.21 | D44: 231057.76 | S44: Соколова Анастасия Викторовна
A45: 475 | C45: 100485 | D45: 100485 | S45: Соколова Анастасия Викторовна
A46: 193 | B46: первая часть оплаты | C46: 164000 | D46: 190280 | S46: Иванова Мария Сергеевна
A47: 390 | C47: 221830 | D47: 220830 | S47: Иванова Мария Сергеевна
A48: 477 | C48: 7000 | D48: стоп | S48: Иванова Мария Сергеевна
A49: 478 | C49: 76760 | D49: 90935 | S49: Иванова Мария Сергеевна
A50: 535 | B50: первая часть оплаты | C50: 44570 | D50: 44570 | S50: Иванова Мария Сергеевна
A51: 535 | B51: вторая часть оплаты | C51: 29685 | D51: 65020 | S51: Иванова Мария Сергеевна
A52: 709 | C52: 13885 | D52: 20450 | S52: Иванова Мария Сергеевна
A53: 581 | B53: первая часть оплаты | C53: 66280 | D53: 66280 | S53: Иванова Мария Сергеевна
A54: 581 | B54: вторая часть оплаты | C54: 85000 | D54: 85000 | S54: Иванова Мария Сергеевна
A55: 623 | C55: 152155 | D55: 149765 | S55: Иванова Мария Сергеевна
A56: 705 | B56: первая часть оплаты | C56: 33960 | D56: 31965 | S56: Смирнова Ольга Владимировна
A57: 705 | B57: вторая часть оплаты | D57: 2110 | S57: Смирнова Ольга Владимировна
A58: 705 | B58: вторая часть оплаты | C58: в ноль | D58: 4220 | S58: Смирнова Ольга Владимировна
A59: 720 | B59: первая часть оплаты | D59: 29127.5 | S59: Васильев Артем Александрович
A60: 720 | B60: вторая часть оплаты | D60: 29127.5 | S60: Васильев Артем Александрович
A61: 242 | C61: 96400 | D61: 88850 | E61: 83880 | F61: 90965 | G61: 86975 | H61: 84160 | I61: 75900 | J61: 95105 | S61: Соколова Анастасия Викторовна
A62: 596 | C62: 41565 | D62: 29960 | S62: Васильев Артем Александрович
A63: 266 | C63: 45950 | D63: 45950 | F63: 46995 | G63: 46995 | H63: 46995 | I63: 46995 | J63: 46995 | K63: 46995 | L63: 46995 | M63: 46995 | N63: 46995 | O63: 46995 | P63: 46995 | Q63: 46995 | S63: Соколова Анастасия Викторовна
A64: 498 | C64: 70650 | D64: 74650 | S64: Васильев Артем Александрович
A65: 524 | C65: 252293.75 | D65: 296130.71 | E65: 243591.67 | S65: Иванова Мария Сергеевна
A66: 626 | C66: стоп | S66: Васильев Артем Александрович
A67: 684 | S67: Васильев Артем Александрович
A68: 548 | C68: 674000 | D68: 674000 | E68: 674000 | F68: 674000 | S68: Михайлов Андрей Сергеевич
A69: 493 | B69: первая часть оплаты | C69: 36950 | D69: 36950 | E69: 36950 | G69: 55225 | H69: 55225 | I69: 55225 | J69: 55225 | K69: 55225 | L69: 55225 | M69: 55225 | N69: 55225 | O69: 55225 | P69: 55225 | Q69: 55225 | R69: 55225 | S69: Смирнова Ольга Владимировна
A70: 493 | B70: вторая часть оплаты | C70: 10200 | D70: 11900 | E70: 11050 | S70: Смирнова Ольга Владимировна
A71: 674 | B71: первая часть оплаты | C71: 89020 | D71: 95035 | E71: 100355 | S71: Попова Екатерина Николаевна
A72: 674 | B72: вторая часть оплаты | C72: 17351 | D72: 26034 | E72: 27422 | S72: Попова Екатерина Николаевна
A73: 624 | B73: первая часть оплаты | C73: 18000 | D73: 18000 | S73: Попова Екатерина Николаевна
A74: 624 | B74: вторая часть оплаты | C74: 16880 | D74: 21100 | E74: 30400 | S74: Попова Екатерина Николаевна
A75: 721 | B75: первая часть оплаты | D75: 21000 | E75: 21000 | S75: Попова Екатерина Николаевна
A76: 721 | B76: вторая часть оплаты | D76: 10500 | E76: 14700 | S76: Попова Екатерина Николаевна
A77: 509 | B77: первая часть оплаты | C77: 59600 | D77: 59600 | E77: 59600 | F77: 39600 | G77: 39600 | H77: 39600 | I77: 39600 | J77: 39600 | K77: 39600 | L77: 39600 | M77: 39600 | N77: 39600 | O77: 39600 | P77: 39600 | Q77: 39600 | R77: 40100 | S77: Соколова Анастасия Викторовна
A78: 509 | B78: вторая часть оплаты | C78: 65450 | D78: 50150 | E78: 34000 | F78: 97555 | G78: 54595 | H78: 53700 | I78: 50120 | J78: 8055 | K78: 53700 | L78: 53700 | M78: 25060 | N78: 53700 | O78: 56385 | P78: 75180 | Q78: 8950 | R78: 56385 | S78: Соколова Анастасия Викторовна
A79: 509 | B79: доп работы | C79: 67485 | D79: 67485 | E79: 67485 | S79: Соколова Анастасия Викторовна
A80: 687 | C80: 99783 | D80: 99958.5 | E80: 99958.5 | S80: Соколова Анастасия Викторовна
A81: 230 | B81: первая часть оплаты | C81: 40745 | D81: 40745 | S81: Соколова Анастасия Викторовна
A82: 230 | B82: вторая часть оплаты | C82: 17325 | D82: 21480 | S82: Соколова Анастасия Викторовна
A83: 703 | D83: 72900 | E83: 60900 | S83: Васильев Артем Александрович
A84: 529 | B84: изменение ЮЛ | C84: 75310 | D84: 71060 | E84: 71060 | F84: 76500 | S84: Васильев Артем Александрович
A85: 453 | C85: в ноль | D85: 39245 | E85: 44320 | F85: 177635 | S85: Васильев Артем Александрович
A86: 429 | C86: 30280 | D86: 35580 | E86: 35830 | F86: 42830 | S86: Соколова Анастасия Викторовна
A87: 381 | S87: Иванова Мария Сергеевна
A88: 556 | C88: 34225 | D88: стоп | S88: Иванова Мария Сергеевна
A89: 640 | B89: первая часть оплаты | C89: 65820 | D89: 65820 | E89: 71735 | F89: 71735 | S89: Попова Екатерина Николаевна
A90: 640 | B90: вторая часть оплаты | C90: 4220 | D90: 3165 | E90: 3165 | F90: 6330 | S90: Попова Екатерина Николаевна
A91: 101 | C91: 43800 | D91: 43800 | E91: 43800 | F91: стоп | S91: Попова Екатерина Николаевна
A92: 653 | C92: 68285 | D92: 70445 | E92: 70445 | F92: 70445 | S92: Васильев Артем Александрович
A93: 174 | C93: 127200 | D93: 127200 | E93: 127200 | F93: 127200 | S93: Иванова Мария Сергеевна
A94: 714 | S94: Попова Екатерина Николаевна
A95: 649 | B95: первая часть оплаты | D95: 83050 | E95: 96750 | S95: Соколова Анастасия Викторовна
A96: 649 | B96: вторая часть оплаты | D96: 27820 | E96: 26555 | S96: Соколова Анастасия Викторовна
A97: 649 | B97: вторая часть оплаты | E97: 2745 | S97: Соколова Анастасия Викторовна
A98: 671 | B98: первая часть оплаты | C98: 28000 | D98: 37000 | E98: 37000 | S98: Соколова Анастасия Викторовна
A99: 671 | B99: вторая часть оплаты | D99: 68805 | E99: 67835 | S99: Соколова Анастасия Викторовна
A100: 671 | B100: вторая часть оплаты | E100: 3395 | S100: Соколова Анастасия Викторовна
...

Sheet prolongations
A1: id | B1: month | C1: AM
A2: 15 | B2: декабрь 2022 | C2: Иванова Мария Сергеевна
A3: 15 | B3: февраль 2023 | C3: Иванова Мария Сергеевна
A4: 15 | B4: март 2023 | C4: Иванова Мария Сергеевна
A5: 15 | B5: апрель 2023 | C5: Иванова Мария Сергеевна
A6: 15 | B6: июнь 2023 | C6: Иванова Мария Сергеевна
A7: 16 | B7: декабрь 2022 | C7: Иванова Мария Сергеевна
A8: 31 | B8: декабрь 2022 | C8: Васильев Артем Александрович
A9: 39 | B9: декабрь 2022 | C9: Иванова Мария Сергеевна
A10: 39 | B10: декабрь 2023 | C10: Попова Екатерина Николаевна
A11: 42 | B11: ноябрь 2022 | C11: Васильев Артем Александрович
A12: 45 | B12: декабрь 2022 | C12: Попова Екатерина Николаевна
A13: 45 | B13: декабрь 2023 | C13: Попова Екатерина Николаевна
... A478: 1015 | B478: ноябрь 2023 | C478: Смирнова Ольга Владимировна

Sheet financial data unpivot
A1: id | B1: Причина дубля | C1: Account | D1: Месяц | E1: Значение | F1: Значения числа | G1: Месяц окончания | H1: month (prolongations) | I1: Значение окончания | J1: Значение пролонгации1 | K1: Значение пролонгации2
A2: 42 | C2: Васильев Артем Александрович | D2: 44866 | E2: 36220 | F2: =IF(ISTEXT(Таблицаx_2[[#This Row],[Значение]]), 0, Таблицаx_2[[#This Row],[Значение]]) -> 36220 | G2: 44866 | H2: =IFERROR(VLOOKUP(Таблицаx_2[[#This Row],[id]],prolongations!A:C,2,)," ") -> ноябрь 2022 | I2: =IF(Таблицаx_2[[#This Row],[Месяц окончания]]=Таблицаx_2[[#This Row],[Месяц]],Таблицаx_2[[#This Row],[Значения числа]],0) -> 36220 | J2: =IF(AND(Таблицаx_2[[#This Row],[Месяц окончания]]=Таблицаx_2[[#This Row],[Месяц]],Таблицаx_2[[#This Row],[id]]=A3,EDATE(Таблицаx_2[[#This Row],[Месяц]],1)=D3),F3,0) -> 0 | K2: =IF(AND(Таблицаx_2[[#This Row],[Месяц окончания]]=Таблицаx_2[[#This Row],[Месяц]],Таблицаx_2[[#This Row],[id]]=A3,EDATE(Таблицаx_2[[#This Row],[Месяц]],2)=D3),F3,0) -> 0
A3: 657 | B3: первая часть оплаты | C3: Васильев Артем Александрович | D3: 44866 | E3: стоп | F3: =IF(ISTEXT(Таблицаx_2[[#This Row],[Значение]]), 0, Таблицаx_2[[#This Row],[Значение]]) -> 0 | G3: 44866 | H3: =IFERROR(VLOOKUP(Таблицаx_2[[#This Row],[id]],prolongations!A:C,2,)," ") -> ноябрь 2022 | I3: =IF(Таблицаx_2[[#This Row],[Месяц окончания]]=Таблицаx_2[[#This Row],[Месяц]],Таблицаx_2[[#This Row],[Значения числа]],0) -> 0 | J3: =IF(AND(Таблицаx_2[[#This Row],[Месяц окончания]]=Таблицаx_2[[#This Row],[Месяц]],Таблицаx_2[[#This Row],[id]]=A4,EDATE(Таблицаx_2[[#This Row],[Месяц]],1)=D4),F4,0) -> 0 | K3: =IF(AND(Таблицаx_2[[#This Row],[Месяц окончания]]=Таблицаx_2[[#This Row],[Месяц]],Таблицаx_2[[#This Row],[id]]=A4,EDATE(Таблицаx_2[[#This Row],[Месяц]],2)=D4),F4,0) -> 0
A4: 657 | B4: вторая часть оплаты | C4: Васильев Артем Александрович | D4: 44866 | E4: стоп | F4: =IF(ISTEXT(Таблицаx_2[[#This Row],[Значение]]), 0, Таблицаx_2[[#This Row],[Значение]]) -> 0 | G4: 44866 | H4: =IFERROR(VLOOKUP(Таблицаx_2[[#This Row],[id]],prolongations!A:C,2,)," ") -> ноябрь 2022 | I4: =IF(Таблицаx_2[[#This Row],[Месяц окончания]]=Таблицаx_2[[#This Row],[Месяц]],Таблицаx_2[[#This Row],[Значения числа]],0) -> 0 | J4: =IF(AND(Таблицаx_2[[#This Row],[Месяц окончания]]=Таблицаx_2[[#This Row],[Месяц]],Таблицаx_2[[#This Row],[id]]=A5,EDATE(Таблицаx_2[[#This Row],[Месяц]],1)=D5),F5,0) -> 0 | K4: =IF(AND(Таблицаx_2[[#This Row],[Месяц окончания]]=Таблицаx_2[[#This Row],[Месяц]],Таблицаx_2[[#This Row],[id]]=A5,EDATE(Таблицаx_2[[#This Row],[Месяц]],2)=D5),F5,0) -> 0
A5: 594 | C5: Васильев Артем Александрович | D5: 44866 | E5: стоп | F5: =IF(ISTEXT(Таблицаx_2[[#This Row],[Значение]]), 0, Таблицаx_2[[#This Row],[Значение]]) -> 0 | G5: 44866 | H5: =IFERROR(VLOOKUP(Таблицаx_2[[#This Row],[id]],prolongations!A:C,2,)," ") -> ноябрь 2022 | I5: =IF(Таблицаx_2[[#This Row],[Месяц окончания]]=Таблицаx_2[[#This Row],[Месяц]],Таблицаx_2[[#This Row],[Значения числа]],0) -> 0 | J5: =IF(AND(Таблицаx_2[[#This Row],[Месяц окончания]]=Таблицаx_2[[#This Row],[Месяц]],Таблицаx_2[[#This Row],[id]]=A6,EDATE(Таблицаx_2[[#This Row],[Месяц]],1)=D6),F6,0) -> 0 | K5: =IF(AND(Таблицаx_2[[#This Row],[Месяц окончания]]=Таблицаx_2[[#This Row],[Месяц]],Таблицаx_2[[#This Row],[id]]=A6,EDATE(Таблицаx_2[[#This Row],[Месяц]],2)=D6),F6,0) -> 0
A6: 665 | C6: Васильев Артем Александрович | D6: 44866 | E6: 10000 | F6: =IF(ISTEXT(Таблицаx_2[[#This Row],[Значение]]), 0, Таблицаx_2[[#This Row],[Значение]]) -> 10000 | G6: 44866 | H6: =IFERROR(VLOOKUP(Таблицаx_2[[#This Row],[id]],prolongations!A:C,2,)," ") -> ноябрь 2022 | I6: =IF(Таблицаx_2[[#This Row],[Месяц окончания]]=Таблицаx_2[[#This Row],[Месяц]],Таблицаx_2[[#This Row],[Значения числа]],0) -> 10000 | J6: =IF(AND(Таблицаx_2[[#This Row],[Месяц окончания]]=Таблицаx_2[[#This Row],[Месяц]],Таблицаx_2[[#This Row],[id]]=A7,EDATE(Таблицаx_2[[#This Row],[Месяц]],1)=D7),F7,0) -> 0 | K6: =IF(AND(Таблицаx_2[[#This Row],[Месяц окончания]]=Таблицаx_2[[#This Row],[Месяц]],Таблицаx_2[[#This Row],[id]]=A7,EDATE(Таблицаx_2[[#This Row],[Месяц]],2)=D7),F7,0) -> 0
A7: 637 | C7: Соколова Анастасия Викторовна | D7: 44866 | E7: 38045 | F7: =IF(ISTEXT(Таблицаx_2[[#This Row],[Значение]]), 0, Таблицаx_2[[#This Row],[Значение]]) -> 38045 | G7: 44866 | H7: =IFERROR(VLOOKUP(Таблицаx_2[[#This Row],[id]],prolongations!A:C,2,)," ") -> ноябрь 2022 | I7: =IF(Таблицаx_2[[#This Row],[Месяц окончания]]=Таблицаx_2[[#This Row],[Месяц]],Таблицаx_2[[#This Row],[Значения числа]],0) -> 38045 | J7: =IF(AND(Таблицаx_2[[#This Row],[Месяц окончания]]=Таблицаx_2[[#This Row],[Месяц]],Таблицаx_2[[#This Row],[id]]=A8,EDATE(Таблицаx_2[[#This Row],[Месяц]],1)=D8),F8,0) -> 0 | K7: =IF(AND(Таблицаx_2[[#This Row],[Месяц окончания]]=Таблицаx_2[[#This Row],[Месяц]],Таблицаx_2[[#This Row],[id]]=A8,EDATE(Таблицаx_2[[#This Row],[Месяц]],2)=D8),F8,0) -> 0
A8: 578 | C8: Попова Екатерина Николаевна | D8: 44866 | E8: 82800 | F8: =IF(ISTEXT(Таблицаx_2[[#This Row],[Значение]]), 0, Таблицаx_2[[#This Row],[Значение]]) -> 82800 | G8: 44866 | H8: =IFERROR(VLOOKUP(Таблицаx_2[[#This Row],[id]],prolongations!A:C,2,)," ") -> ноябрь 2022 | I8: =IF(Таблицаx_2[[#This Row],[Месяц окончания]]=Таблицаx_2[[#This Row],[Месяц]],Таблицаx_2[[#This Row],[Значения числа]],0) -> 82800 | J8: =IF(AND(Таблицаx_2[[#This Row],[Месяц окончания]]=Таблицаx_2[[#This Row],[Месяц]],Таблицаx_2[[#This Row],[id]]=A9,EDATE(Таблицаx_2[[#This Row],[Месяц]],1)=D9),F9,0) -> 0 | K8: =IF(AND(Таблицаx_2[[#This Row],[Месяц окончания]]=Таблицаx_2[[#This Row],[Месяц]],Таблицаx_2[[#This Row],[id]]=A9,EDATE(Таблицаx_2[[#This Row],[Месяц]],2)=D9),F9,0) -> 0
A9: 579 | C9: Васильев Артем Александрович | D9: 44866 | E9: в ноль | F9: =IF(ISTEXT(Таблицаx_2[[#This Row],[Значение]]), 0, Таблицаx_2[[#This Row],[Значение]]) -> 0 | G9: 44866 | H9: =IFERROR(VLOOKUP(Таблицаx_2[[#This Row],[id]],prolongations!A:C,2,)," ") -> ноябрь 2022 | I9: =IF(Таблицаx_2[[#This Row],[Месяц окончания]]=Таблицаx_2[[#This Row],[Месяц]],Таблицаx_2[[#This Row],[Значения числа]],0) -> 0 | J9: =IF(AND(Таблицаx_2[[#This Row],[Месяц окончания]]=Таблицаx_2[[#This Row],[Месяц]],Таблицаx_2[[#This Row],[id]]=A10,EDATE(Таблицаx_2[[#This Row],[Месяц]],1)=D10),F10,0) -> 0 | K9: =IF(AND(Таблицаx_2[[#This Row],[Месяц окончания]]=Таблицаx_2[[#This Row],[Месяц]],Таблицаx_2[[#This Row],[id]]=A10,EDATE(Таблицаx_2[[#This Row],[Месяц]],2)=D10),F10,0) -> 0
A10: 592 | B10: первая часть оплаты | C10: Васильев Артем Александрович | D10: 44866 | E10: 92302 | F10: =IF(ISTEXT(Таблицаx_2[[#This Row],[Значение]]), 0, Таблицаx_2[[#This Row],[Значение]]) -> 92302 | G10: 44866 | H10: =IFERROR(VLOOKUP(Таблицаx_2[[#This Row],[id]],prolongations!A:C,2,)," ") -> ноябрь 2022 | I10: =IF(Таблицаx_2[[#This Row],[Месяц окончания]]=Таблицаx_2[[#This Row],[Месяц]],Таблицаx_2[[#This Row],[Значения числа]],0) -> 92302 | J10: =IF(AND(Таблицаx_2[[#This Row],[Месяц окончания]]=Таблицаx_2[[#This Row],[Месяц]],Таблицаx_2[[#This Row],[id]]=A11,EDATE(Таблицаx_2[[#This Row],[Месяц]],1)=D11),F11,0) -> 0 | K10: =IF(AND(Таблицаx_2[[#This Row],[Месяц окончания]]=Таблицаx_2[[#This Row],[Месяц]],Таблицаx_2[[#This Row],[id]]=A11,EDATE(Таблицаx_2[[#This Row],[Месяц]],2)=D11),F11,0) -> 0
A11: 592 | B11: вторая часть оплаты | C11: Васильев Артем Александрович | D11: 44866 | E11: 12340 | F11: =IF(ISTEXT(Таблицаx_2[[#This Row],[Значение]]), 0, Таблицаx_2[[#This Row],[Значение]]) -> 12340 | G11: 44866 | H11: =IFERROR(VLOOKUP(Таблицаx_2[[#This Row],[id]],prolongations!A:C,2,)," ") -> ноябрь 2022 | I11: =IF(Таблицаx_2[[#This Row],[Месяц окончания]]=Таблицаx_2[[#This Row],[Месяц]],Таблицаx_2[[#This Row],[Значения числа]],0) -> 12340 | J11: =IF(AND(Таблицаx_2[[#This Row],[Месяц окончания]]=Таблицаx_2[[#This Row],[Месяц]],Таблицаx_2[[#This Row],[id]]=A12,EDATE(Таблицаx_2[[#This Row],[Месяц]],1)=D12),F12,0) -> 0 | K11: =IF(AND(Таблицаx_2[[#This Row],[Месяц окончания]]=Таблицаx_2[[#This Row],[Месяц]],Таблицаx_2[[#This Row],[id]]=A12,EDATE(Таблицаx_2[[#This Row],[Месяц]],2)=D12),F12,0) -> 0
A12: 666 | C12: Васильев Артем Александрович | D12: 44866 | E12: 110000 | F12: =IF(ISTEXT(Таблицаx_2[[#This Row],[Значение]]), 0, Таблицаx_2[[#This Row],[Значение]]) -> 110000 | G12: 44866 | H12: =IFERROR(VLOOKUP(Таблицаx_2[[#This Row],[id]],prolongations!A:C,2,)," ") -> ноябрь 2022 | I12: =IF(Таблицаx_2[[#This Row],[Месяц окончания]]=Таблицаx_2[[#This Row],[Месяц]],Таблицаx_2[[#This Row],[Значения числа]],0) -> 110000 | J12: =IF(AND(Таблицаx_2[[#This Row],[Месяц окончания]]=Таблицаx_2[[#This Row],[Месяц]],Таблицаx_2[[#This Row],[id]]=A13,EDATE(Таблицаx_2[[#This Row],[Месяц]],1)=D13),F13,0) -> 0 | K12: =IF(AND(Таблицаx_2[[#This Row],[Месяц окончания]]=Таблицаx_2[[#This Row],[Месяц]],Таблицаx_2[[#This Row],[id]]=A13,EDATE(Таблицаx_2[[#This Row],[Месяц]],2)=D13),F13,0) -> 0
A13: 620 | C13: Васильев Артем Александрович | D13: 44866 | E13: в ноль | F13: =IF(ISTEXT(Таблицаx_2[[#This Row],[Значение]]), 0, Таблицаx_2[[#This Row],[Значение]]) -> 0 | G13: 44866 | H13: =IFERROR(VLOOKUP(Таблицаx_2[[#This Row],[id]],prolongations!A:C,2,)," ") -> ноябрь 2022 | I13: =IF(Таблицаx_2[[#This Row],[Месяц окончания]]=Таблицаx_2[[#This Row],[Месяц]],Таблицаx_2[[#This Row],[Значения числа]],0) -> 0 | J13: =IF(AND(Таблицаx_2[[#This Row],[Месяц окончания]]=Таблицаx_2[[#This Row],[Месяц]],Таблицаx_2[[#This Row],[id]]=A14,EDATE(Таблицаx_2[[#This Row],[Месяц]],1)=D14),F14,0) -> 0 | K13: =IF(AND(Таблицаx_2[[#This Row],[Месяц окончания]]=Таблицаx_2[[#This Row],[Месяц]],Таблицаx_2[[#This Row],[id]]=A14,EDATE(Таблицаx_2[[#This Row],[Месяц]],2)=D14),F14,0) -> 0
A14: 704 | B14: первая часть оплаты | C14: Михайлов Андрей Сергеевич | D14: 44866 | E14: 35365 | F14: =IF(ISTEXT(Таблицаx_2[[#This Row],[Значение]]), 0, Таблицаx_2[[#This Row],[Значение]]) -> 35365 | G14: 44866 | H14: =IFERROR(VLOOKUP(Таблицаx_2[[#This Row],[id]],prolongations!A:C,2,)," ") -> ноябрь 2022 | I14: =IF(Таблицаx_2[[#This Row],[Месяц окончания]]=Таблицаx_2[[#This Row],[Месяц]],Таблицаx_2[[#This Row],[Значения числа]],0) -> 35365 | J14: =IF(AND(Таблицаx_2[[#This Row],[Месяц окончания]]=Таблицаx_2[[#This Row],[Месяц]],Таблицаx_2[[#This Row],[id]]=A15,EDATE(Таблицаx_2[[#This Row],[Месяц]],1)=D15),F15,0) -> 0 | K14: =IF(AND(Таблицаx_2[[#This Row],[Месяц окончания]]=Таблицаx_2[[#This Row],[Месяц]],Таблицаx_2[[#This Row],[id]]=A15,EDATE(Таблицаx_2[[#This Row],[Месяц]],2)=D15),F15,0) -> 0
A15: 704 | B15: вторая часть оплаты | C15: Михайлов Андрей Сергеевич | D15: 44866 | E15: 945 | F15: =IF(ISTEXT(Таблицаx_2[[#This Row],[Значение]]), 0, Таблицаx_2[[#This Row],[Значение]]) -> 945 | G15: 44866 | H15: =IFERROR(VLOOKUP(Таблицаx_2[[#This Row],[id]],prolongations!A:C,2,)," ") -> ноябрь 2022 | I15: =IF(Таблицаx_2[[#This Row],[Месяц окончания]]=Таблицаx_2[[#This Row],[Месяц]],Таблицаx_2[[#This Row],[Значения числа]],0) -> 945 | J15: =IF(AND(Таблицаx_2[[#This Row],[Месяц окончания]]=Таблицаx_2[[#This Row],[Месяц]],Таблицаx_2[[#This Row],[id]]=A16,EDATE(Таблицаx_2[[#This Row],[Месяц]],1)=D16),F16,0) -> 0 | K15: =IF(AND(Таблицаx_2[[#This Row],[Месяц окончания]]=Таблицаx_2[[#This Row],[Месяц]],Таблицаx_2[[#This Row],[id]]=A16,EDATE(Таблицаx_2[[#This Row],[Месяц]],2)=D16),F16,0) -> 0
A16: 704 | B16: вторая часть оплаты | C16: Михайлов Андрей Сергеевич | D16: 44866 | E16: 4715 | F16: =IF(ISTEXT(Таблицаx_2[[#This Row],[Значение]]), 0, Таблицаx_2[[#This Row],[Значение]]) -> 4715 | G16: 44866 | H16: =IFERROR(VLOOKUP(Таблицаx_2[[#This Row],[id]],prolongations!A:C,2,)," ") -> ноябрь 2022 | I16: =IF(Таблицаx_2[[#This Row],[Месяц окончания]]=Таблицаx_2[[#This Row],[Месяц]],Таблицаx_2[[#This Row],[Значения числа]],0) -> 4715 | J16: =IF(AND(Таблицаx_2[[#This Row],[Месяц окончания]]=Таблицаx_2[[#This Row],[Месяц]],Таблицаx_2[[#This Row],[id]]=A17,EDATE(Таблицаx_2[[#This Row],[Месяц]],1)=D17),F17,0) -> 0 | K16: =IF(AND(Таблицаx_2[[#This Row],[Месяц окончания]]=Таблицаx_2[[#This Row],[Месяц]],Таблицаx_2[[#This Row],[id]]=A17,EDATE(Таблицаx_2[[#This Row],[Месяц]],2)=D17),F17,0) -> 0
A17: 379 | C17: Иванова Мария Сергеевна | D17: 44866 | E17: 55195 | F17: =IF(ISTEXT(Таблицаx_2[[#This Row],[Значение]]), 0, Таблицаx_2[[#This Row],[Значение]]) -> 55195 | G17: 44896 | H17: =IFERROR(VLOOKUP(Таблицаx_2[[#This Row],[id]],prolongations!A:C,2,)," ") -> декабрь 2022 | I17: =IF(Таблицаx_2[[#This Row],[Месяц окончания]]=Таблицаx_2[[#This Row],[Месяц]],Таблицаx_2[[#This Row],[Значения числа]],0) -> 0 | J17: =IF(AND(Таблицаx_2[[#This Row],[Месяц окончания]]=Таблицаx_2[[#This Row],[Месяц]],Таблицаx_2[[#This Row],[id]]=A18,EDATE(Таблицаx_2[[#This Row],[Месяц]],1)=D18),F18,0) -> 0 | K17: =IF(AND(Таблицаx_2[[#This Row],[Месяц окончания]]=Таблицаx_2[[#This Row],[Месяц]],Таблицаx_2[[#This Row],[id]]=A18,EDATE(Таблицаx_2[[#This Row],[Месяц]],2)=D18),F18,0) -> 0
A18: 379 | C18: Иванова Мария Сергеевна | D18: 44896 | E18: 55195 | F18: =IF(ISTEXT(Таблицаx_2[[#This Row],[Значение]]), 0, Таблицаx_2[[#This Row],[Значение]]) -> 55195 | G18: 44896 | H18: =IFERROR(VLOOKUP(Таблицаx_2[[#This Row],[id]],prolongations!A:C,2,)," ") -> декабрь 2022 | I18: =IF(Таблицаx_2[[#This Row],[Месяц окончания]]=Таблицаx_2[[#This Row],[Месяц]],Таблицаx_2[[#This Row],[Значения числа]],0) -> 55195 | J18: =IF(AND(Таблицаx_2[[#This Row],[Месяц окончания]]=Таблицаx_2[[#This Row],[Месяц]],Таблицаx_2[[#This Row],[id]]=A19,EDATE(Таблицаx_2[[#This Row],[Месяц]],1)=D19),F19,0) -> 0 | K18: =IF(AND(Таблицаx_2[[#This Row],[Месяц окончания]]=Таблицаx_2[[#This Row],[Месяц]],Таблицаx_2[[#This Row],[id]]=A19,EDATE(Таблицаx_2[[#This Row],[Месяц]],2)=D19),F19,0) -> 0
A19: 31 | C19: Васильев Артем Александрович | D19: 44866 | E19: 55100 | F19: =IF(ISTEXT(Таблицаx_2[[#This Row],[Значение]]), 0, Таблицаx_2[[#This Row],[Значение]]) -> 55100 | G19: 44896 | H19: =IFERROR(VLOOKUP(Таблицаx_2[[#This Row],[id]],prolongations!A:C,2,)," ") -> декабрь 2022 | I19: =IF(Таблицаx_2[[#This Row],[Месяц окончания]]=Таблицаx_2[[#This Row],[Месяц]],Таблицаx_2[[#This Row],[Значения числа]],0) -> 0 | J19: =IF(AND(Таблицаx_2[[#This Row],[Месяц окончания]]=Таблицаx_2[[#This Row],[Месяц]],Таблицаx_2[[#This Row],[id]]=A20,EDATE(Таблицаx_2[[#This Row],[Месяц]],1)=D20),F20,0) -> 0 | K19: =IF(AND(Таблицаx_2[[#This Row],[Месяц окончания]]=Таблицаx_2[[#This Row],[Месяц]],Таблицаx_2[[#This Row],[id]]=A20,EDATE(Таблицаx_2[[#This Row],[Месяц]],2)=D20),F20,0) -> 0
A20: 31 | C20: Васильев Артем Александрович | D20: 44896 | E20: 55100 | F20: =IF(ISTEXT(Таблицаx_2[[#This Row],[Значение]]), 0, Таблицаx_2[[#This Row],[Значение]]) -> 55100 | G20: 44896 | H20: =IFERROR(VLOOKUP(Таблицаx_2[[#This Row],[id]],prolongations!A:C,2,)," ") -> декабрь 2022 | I20: =IF(Таблицаx_2[[#This Row],[Месяц окончания]]=Таблицаx_2[[#This Row],[Месяц]],Таблицаx_2[[#This Row],[Значения числа]],0) -> 55100 | J20: =IF(AND(Таблицаx_2[[#This Row],[Месяц окончания]]=Таблицаx_2[[#This Row],[Месяц]],Таблицаx_2[[#This Row],[id]]=A21,EDATE(Таблицаx_2[[#This Row],[Месяц]],1)=D21),F21,0) -> 0 | K20: =IF(AND(Таблицаx_2[[#This Row],[Месяц окончания]]=Таблицаx_2[[#This Row],[Месяц]],Таблицаx_2[[#This Row],[id]]=A21,EDATE(Таблицаx_2[[#This Row],[Месяц]],2)=D21),F21,0) -> 44775
A21: 31 | C21: Васильев Артем Александрович | D21: 44958 | E21: 44775 | F21: =IF(ISTEXT(Таблицаx_2[[#This Row],[Значение]]), 0, Таблицаx_2[[#This Row],[Значение]]) -> 44775 | G21: 44896 | H21: =IFERROR(VLOOKUP(Таблицаx_2[[#This Row],[id]],prolongations!A:C,2,)," ") -> декабрь 2022 | I21: =IF(Таблицаx_2[[#This Row],[Месяц окончания]]=Таблицаx_2[[#This Row],[Месяц]],Таблицаx_2[[#This Row],[Значения числа]],0) -> 0 | J21: =IF(AND(Таблицаx_2[[#This Row],[Месяц окончания]]=Таблицаx_2[[#This Row],[Месяц]],Таблицаx_2[[#This Row],[id]]=A22,EDATE(Таблицаx_2[[#This Row],[Месяц]],1)=D22),F22,0) -> 0 | K21: =IF(AND(Таблицаx_2[[#This Row],[Месяц окончания]]=Таблицаx_2[[#This Row],[Месяц]],Таблицаx_2[[#This Row],[id]]=A22,EDATE(Таблицаx_2[[#This Row],[Месяц]],2)=D22),F22,0) -> 0
A22: 31 | C22: Васильев Артем Александрович | D22: 44986 | E22: 44775 | F22: =IF(ISTEXT(Таблицаx_2[[#This Row],[Значение]]), 0, Таблицаx_2[[#This Row],[Значение]]) -> 44775 | G22: 44896 | H22: =IFERROR(VLOOKUP(Таблицаx_2[[#This Row],[id]],prolongations!A:C,2,)," ") -> декабрь 2022 | I22: =IF(Таблицаx_2[[#This Row],[Месяц окончания]]=Таблицаx_2[[#This Row],[Месяц]],Таблицаx_2[[#This Row],[Значения числа]],0) -> 0 | J22: =IF(AND(Таблицаx_2[[#This Row],[Месяц окончания]]=Таблицаx_2[[#This Row],[Месяц]],Таблицаx_2[[#This Row],[id]]=A23,EDATE(Таблицаx_2[[#This Row],[Месяц]],1)=D23),F23,0) -> 0 | K22: =IF(AND(Таблицаx_2[[#This Row],[Месяц окончания]]=Таблицаx_2[[#This Row],[Месяц]],Таблицаx_2[[#This Row],[id]]=A23,EDATE(Таблицаx_2[[#This Row],[Месяц]],2)=D23),F23,0) -> 0
A23: 31 | C23: Васильев Артем Александрович | D23: 45017 | E23: 44775 | F23: =IF(ISTEXT(Таблицаx_2[[#This Row],[Значение]]), 0, Таблицаx_2[[#This Row],[Значение]]) -> 44775 | G23: 44896 | H23: =IFERROR(VLOOKUP(Таблицаx_2[[#This Row],[id]],prolongations!A:C,2,)," ") -> декабрь 2022 | I23: =IF(Таблицаx_2[[#This Row],[Месяц окончания]]=Таблицаx_2[[#This Row],[Месяц]],Таблицаx_2[[#This Row],[Значения числа]],0) -> 0 | J23: =IF(AND(Таблицаx_2[[#This Row],[Месяц окончания]]=Таблицаx_2[[#This Row],[Месяц]],Таблицаx_2[[#This Row],[id]]=A24,EDATE(Таблицаx_2[[#This Row],[Месяц]],1)=D24),F24,0) -> 0 | K23: =IF(AND(Таблицаx_2[[#This Row],[Месяц окончания]]=Таблицаx_2[[#This Row],[Месяц]],Таблицаx_2[[#This Row],[id]]=A24,EDATE(Таблицаx_2[[#This Row],[Месяц]],2)=D24),F24,0) -> 0
A24: 31 | C24: Васильев Артем Александрович | D24: 45047 | E24: 44775 | F24: =IF(ISTEXT(Таблицаx_2[[#This Row],[Значение]]), 0, Таблицаx_2[[#This Row],[Значение]]) -> 44775 | G24: 44896 | H24: =IFERROR(VLOOKUP(Таблицаx_2[[#This Row],[id]],prolongations!A:C,2,)," ") -> декабрь 2022 | I24: =IF(Таблицаx_2[[#This Row],[Месяц окончания]]=Таблицаx_2[[#This Row],[Месяц]],Таблицаx_2[[#This Row],[Значения числа]],0) -> 0 | J24: =IF(AND(Таблицаx_2[[#This Row],[Месяц окончания]]=Таблицаx_2[[#This Row],[Месяц]],Таблицаx_2[[#This Row],[id]]=A25,EDATE(Таблицаx_2[[#This Row],[Месяц]],1)=D25),F25,0) -> 0 | K24: =IF(AND(Таблицаx_2[[#This Row],[Месяц окончания]]=Таблицаx_2[[#This Row],[Месяц]],Таблицаx_2[[#This Row],[id]]=A25,EDATE(Таблицаx_2[[#This Row],[Месяц]],2)=D25),F25,0) -> 0
A25: 31 | C25: Васильев Артем Александрович | D25: 45078 | E25: 44775 | F25: =IF(ISTEXT(Таблицаx_2[[#This Row],[Значение]]), 0, Таблицаx_2[[#This Row],[Значение]]) -> 44775 | G25: 44896 | H25: =IFERROR(VLOOKUP(Таблицаx_2[[#This Row],[id]],prolongations!A:C,2,)," ") -> декабрь 2022 | I25: =IF(Таблицаx_2[[#This Row],[Месяц окончания]]=Таблицаx_2[[#This Row],[Месяц]],Таблицаx_2[[#This Row],[Значения числа]],0) -> 0 | J25: =IF(AND(Таблицаx_2[[#This Row],[Месяц окончания]]=Таблицаx_2[[#This Row],[Месяц]],Таблицаx_2[[#This Row],[id]]=A26,EDATE(Таблицаx_2[[#This Row],[Месяц]],1)=D26),F26,0) -> 0 | K25: =IF(AND(Таблицаx_2[[#This Row],[Месяц окончания]]=Таблицаx_2[[#This Row],[Месяц]],Таблицаx_2[[#This Row],[id]]=A26,EDATE(Таблицаx_2[[#This Row],[Месяц]],2)=D26),F26,0) -> 0
A26: 31 | C26: Васильев Артем Александрович | D26: 45108 | E26: 44775 | F26: =IF(ISTEXT(Таблицаx_2[[#This Row],[Значение]]), 0, Таблицаx_2[[#This Row],[Значение]]) -> 44775 | G26: 44896 | H26: =IFERROR(VLOOKUP(Таблицаx_2[[#This Row],[id]],prolongations!A:C,2,)," ") -> декабрь 2022 | I26: =IF(Таблицаx_2[[#This Row],[Месяц окончания]]=Таблицаx_2[[#This Row],[Месяц]],Таблицаx_2[[#This Row],[Значения числа]],0) -> 0 | J26: =IF(AND(Таблицаx_2[[#This Row],[Месяц окончания]]=Таблицаx_2[[#This Row],[Месяц]],Таблицаx_2[[#This Row],[id]]=A27,EDATE(Таблицаx_2[[#This Row],[Месяц]],1)=D27),F27,0) -> 0 | K26: =IF(AND(Таблицаx_2[[#This Row],[Месяц окончания]]=Таблицаx_2[[#This Row],[Месяц]],Таблицаx_2[[#This Row],[id]]=A27,EDATE(Таблицаx_2[[#This Row],[Месяц]],2)=D27),F27,0) -> 0
A27: 31 | C27: Васильев Артем Александрович | D27: 45139 | E27: 44775 | F27: =IF(ISTEXT(Таблицаx_2[[#This Row],[Значение]]), 0, Таблицаx_2[[#This Row],[Значение]]) -> 44775 | G27: 44896 | H27: =IFERROR(VLOOKUP(Таблицаx_2[[#This Row],[id]],prolongations!A:C,2,)," ") -> декабрь 2022 | I27: =IF(Таблицаx_2[[#This Row],[Месяц окончания]]=Таблицаx_2[[#This Row],[Месяц]],Таблицаx_2[[#This Row],[Значения числа]],0) -> 0 | J27: =IF(AND(Таблицаx_2[[#This Row],[Месяц окончания]]=Таблицаx_2[[#This Row],[Месяц]],Таблицаx_2[[#This Row],[id]]=A28,EDATE(Таблицаx_2[[#This Row],[Месяц]],1)=D28),F28,0) -> 0 | K27: =IF(AND(Таблицаx_2[[#This Row],[Месяц окончания]]=Таблицаx_2[[#This Row],[Месяц]],Таблицаx_2[[#This Row],[id]]=A28,EDATE(Таблицаx_2[[#This Row],[Месяц]],2)=D28),F28,0) -> 0
A28: 31 | C28: Васильев Артем Александрович | D28: 45170 | E28: 44775 | F28: =IF(ISTEXT(Таблицаx_2[[#This Row],[Значение]]), 0, Таблицаx_2[[#This Row],[Значение]]) -> 44775 | G28: 44896 | H28: =IFERROR(VLOOKUP(Таблицаx_2[[#This Row],[id]],prolongations!A:C,2,)," ") -> декабрь 2022 | I28: =IF(Таблицаx_2[[#This Row],[Месяц окончания]]=Таблицаx_2[[#This Row],[Месяц]],Таблицаx_2[[#This Row],[Значения числа]],0) -> 0 | J28: =IF(AND(Таблицаx_2[[#This Row],[Месяц окончания]]=Таблицаx_2[[#This Row],[Месяц]],Таблицаx_2[[#This Row],[id]]=A29,EDATE(Таблицаx_2[[#This Row],[Месяц]],1)=D29),F29,0) -> 0 | K28: =IF(AND(Таблицаx_2[[#This Row],[Месяц окончания]]=Таблицаx_2[[#This Row],[Месяц]],Таблицаx_2[[#This Row],[id]]=A29,EDATE(Таблицаx_2[[#This Row],[Месяц]],2)=D29),F29,0) -> 0
... A33: 31 | C33: Васильев Артем Александрович | D33: 45323 | E33: 46200 | F33: =IF(ISTEXT(Таблицаx_2[[#This Row],[Значение]]), 0, Таблицаx_2[[#This Row],[Значение]]) -> 46200 | G33: 44896 | H33: =IFERROR(VLOOKUP(Таблицаx_2[[#This Row],[id]],prolongations!A:C,2,)," ") -> декабрь 2022 | I33: =IF(Таблицаx_2[[#This Row],[Месяц окончания]]=Таблицаx_2[[#This Row],[Месяц]],Таблицаx_2[[#This Row],[Значения числа]],0) -> 0 | J33: =IF(AND(Таблицаx_2[[#This Row],[Месяц окончания]]=Таблицаx_2[[#This Row],[Месяц]],Таблицаx_2[[#This Row],[id]]=A34,EDATE(Таблицаx_2[[#This Row],[Месяц]],1)=D34),F34,0) -> 0 | K33: =IF(AND(Таблицаx_2[[#This Row],[Месяц окончания]]=Таблицаx_2[[#This Row],[Месяц]],Таблицаx_2[[#This Row],[id]]=A34,EDATE(Таблицаx_2[[#This Row],[Месяц]],2)=D34),F34,0) -> 0
A34: 572 | B34: изменение ЮЛ | C34: Васильев Артем Александрович | D34: 44866 | E34: 56200 | F34: =IF(ISTEXT(Таблицаx_2[[#This Row],[Значение]]), 0, Таблицаx_2[[#This Row],[Значение]]) -> 56200 | G34: 44896 | H34: =IFERROR(VLOOKUP(Таблицаx_2[[#This Row],[id]],prolongations!A:C,2,)," ") -> декабрь 2022 | I34: =IF(Таблицаx_2[[#This Row],[Месяц окончания]]=Таблицаx_2[[#This Row],[Месяц]],Таблицаx_2[[#This Row],[Значения числа]],0) -> 0 | J34: =IF(AND(Таблицаx_2[[#This Row],[Месяц окончания]]=Таблицаx_2[[#This Row],[Месяц]],Таблицаx_2[[#This Row],[id]]=A35,EDATE(Таблицаx_2[[#This Row],[Месяц]],1)=D35),F35,0) -> 0 | K34: =IF(AND(Таблицаx_2[[#This Row],[Месяц окончания]]=Таблицаx_2[[#This Row],[Месяц]],Таблицаx_2[[#This Row],[id]]=A35,EDATE(Таблицаx_2[[#This Row],[Месяц]],2)=D35),F35,0) -> 0
A35: 572 | B35: изменение ЮЛ | C35: Васильев Артем Александрович | D35: 44896 | E35: стоп | F35: =IF(ISTEXT(Таблицаx_2[[#This Row],[Значение]]), 0, Таблицаx_2[[#This Row],[Значение]]) -> 0 | G35: 44896 | H35: =IFERROR(VLOOKUP(Таблицаx_2[[#This Row],[id]],prolongations!A:C,2,)," ") -> декабрь 2022 | I35: =IF(Таблицаx_2[[#This Row],[Месяц окончания]]=Таблицаx_2[[#This Row],[Месяц]],Таблицаx_2[[#This Row],[Значения числа]],0) -> 0 | J35: =IF(AND(Таблицаx_2[[#This Row],[Месяц окончания]]=Таблицаx_2[[#This Row],[Месяц]],Таблицаx_2[[#This Row],[id]]=A36,EDATE(Таблицаx_2[[#This Row],[Месяц]],1)=D36),F36,0) -> 0 | K35: =IF(AND(Таблицаx_2[[#This Row],[Месяц окончания]]=Таблицаx_2[[#This Row],[Месяц]],Таблицаx_2[[#This Row],[id]]=A36,EDATE(Таблицаx_2[[#This Row],[Месяц]],2)=D36),F36,0) -> 0
A36: 573 | B36: изменение ЮЛ | C36: Васильев Артем Александрович | D36: 44866 | E36: 69210 | F36: =IF(ISTEXT(Таблицаx_2[[#This Row],[Значение]]), 0, Таблицаx_2[[#This Row],[Значение]]) -> 69210 | G36: 44896 | H36: =IFERROR(VLOOKUP(Таблицаx_2[[#This Row],[id]],prolongations!A:C,2,)," ") -> декабрь 2022 | I36: =IF(Таблицаx_2[[#This Row],[Месяц окончания]]=Таблицаx_2[[#This Row],[Месяц]],Таблицаx_2[[#This Row],[Значения числа]],0) -> 0 | J36: =IF(AND(Таблицаx_2[[#This Row],[Месяц окончания]]=Таблицаx_2[[#This Row],[Месяц]],Таблицаx_2[[#This Row],[id]]=A37,EDATE(Таблицаx_2[[#This Row],[Месяц]],1)=D37),F37,0) -> 0 | K36: =IF(AND(Таблицаx_2[[#This Row],[Месяц окончания]]=Таблицаx_2[[#This Row],[Месяц]],Таблицаx_2[[#This Row],[id]]=A37,EDATE(Таблицаx_2[[#This Row],[Месяц]],2)=D37),F37,0) -> 0
A37: 573 | B37: изменение ЮЛ | C37: Васильев Артем Александрович | D37: 44896 | E37: стоп | F37: =IF(ISTEXT(Таблицаx_2[[#This Row],[Значение]]), 0, Таблицаx_2[[#This Row],[Значение]]) -> 0 | G37: 44896 | H37: =IFERROR(VLOOKUP(Таблицаx_2[[#This Row],[id]],prolongations!A:C,2,)," ") -> декабрь 2022 | I37: =IF(Таблицаx_2[[#This Row],[Месяц окончания]]=Таблицаx_2[[#This Row],[Месяц]],Таблицаx_2[[#This Row],[Значения числа]],0) -> 0 | J37: =IF(AND(Таблицаx_2[[#This Row],[Месяц окончания]]=Таблицаx_2[[#This Row],[Месяц]],Таблицаx_2[[#This Row],[id]]=A38,EDATE(Таблицаx_2[[#This Row],[Месяц]],1)=D38),F38,0) -> 0 | K37: =IF(AND(Таблицаx_2[[#This Row],[Месяц окончания]]=Таблицаx_2[[#This Row],[Месяц]],Таблицаx_2[[#This Row],[id]]=A38,EDATE(Таблицаx_2[[#This Row],[Месяц]],2)=D38),F38,0) -> 0
A38: 574 | B38: изменение ЮЛ | C38: Васильев Артем Александрович | D38: 44866 | E38: 46755 | F38: =IF(ISTEXT(Таблицаx_2[[#This Row],[Значение]]), 0, Таблицаx_2[[#This Row],[Значение]]) -> 46755 | G38: 44896 | H38: =IFERROR(VLOOKUP(Таблицаx_2[[#This Row],[id]],prolongations!A:C,2,)," ") -> декабрь 2022 | I38: =IF(Таблицаx_2[[#This Row],[Месяц окончания]]=Таблицаx_2[[#This Row],[Месяц]],Таблицаx_2[[#This Row],[Значения числа]],0) -> 0 | J38: =IF(AND(Таблицаx_2[[#This Row],[Месяц окончания]]=Таблицаx_2[[#This Row],[Месяц]],Таблицаx_2[[#This Row],[id]]=A39,EDATE(Таблицаx_2[[#This Row],[Месяц]],1)=D39),F39,0) -> 0 | K38: =IF(AND(Таблицаx_2[[#This Row],[Месяц окончания]]=Таблицаx_2[[#This Row],[Месяц]],Таблицаx_2[[#This Row],[id]]=A39,EDATE(Таблицаx_2[[#This Row],[Месяц]],2)=D39),F39,0) -> 0
A39: 574 | B39: изменение ЮЛ | C39: Васильев Артем Александрович | D39: 44896 | E39: стоп | F39: =IF(ISTEXT(Таблицаx_2[[#This Row],[Значение]]), 0, Таблицаx_2[[#This Row],[Значение]]) -> 0 | G39: 44896 | H39: =IFERROR(VLOOKUP(Таблицаx_2[[#This Row],[id]],prolongations!A:C,2,)," ") -> декабрь 2022 | I39: =IF(Таблицаx_2[[#This Row],[Месяц окончания]]=Таблицаx_2[[#This Row],[Месяц]],Таблицаx_2[[#This Row],[Значения числа]],0) -> 0 | J39: =IF(AND(Таблицаx_2[[#This Row],[Месяц окончания]]=Таблицаx_2[[#This Row],[Месяц]],Таблицаx_2[[#This Row],[id]]=A40,EDATE(Таблицаx_2[[#This Row],[Месяц]],1)=D40),F40,0) -> 0 | K39: =IF(AND(Таблицаx_2[[#This Row],[Месяц окончания]]=Таблицаx_2[[#This Row],[Месяц]],Таблицаx_2[[#This Row],[id]]=A40,EDATE(Таблицаx_2[[#This Row],[Месяц]],2)=D40),F40,0) -> 0
A40: 575 | B40: изменение ЮЛ | C40: Васильев Артем Александрович | D40: 44866 | E40: 25020 | F40: =IF(ISTEXT(Таблицаx_2[[#This Row],[Значение]]), 0, Таблицаx_2[[#This Row],[Значение]]) -> 25020 | G40: 44896 | H40: =IFERROR(VLOOKUP(Таблицаx_2[[#This Row],[id]],prolongations!A:C,2,)," ") -> декабрь 2022 | I40: =IF(Таблицаx_2[[#This Row],[Месяц окончания]]=Таблицаx_2[[#This Row],[Месяц]],Таблицаx_2[[#This Row],[Значения числа]],0) -> 0 | J40: =IF(AND(Таблицаx_2[[#This Row],[Месяц окончания]]=Таблицаx_2[[#This Row],[Месяц]],Таблицаx_2[[#This Row],[id]]=A41,EDATE(Таблицаx_2[[#This Row],[Месяц]],1)=D41),F41,0) -> 0 | K40: =IF(AND(Таблицаx_2[[#This Row],[Месяц окончания]]=Таблицаx_2[[#This Row],[Месяц]],Таблицаx_2[[#This Row],[id]]=A41,EDATE(Таблицаx_2[[#This Row],[Месяц]],2)=D41),F41,0) -> 0
A41: 575 | B41: изменение ЮЛ | C41: Васильев Артем Александрович | D41: 44896 | E41: стоп | F41: =IF(ISTEXT(Таблицаx_2[[#This Row],[Значение]]), 0, Таблицаx_2[[#This Row],[Значение]]) -> 0 | G41: 44896 | H41: =IFERROR(VLOOKUP(Таблицаx_2[[#This Row],[id]],prolongations!A:C,2,)," ") -> декабрь 2022 | I41: =IF(Таблицаx_2[[#This Row],[Месяц окончания]]=Таблицаx_2[[#This Row],[Месяц]],Таблицаx_2[[#This Row],[Значения числа]],0) -> 0 | J41: =IF(AND(Таблицаx_2[[#This Row],[Месяц окончания]]=Таблицаx_2[[#This Row],[Месяц]],Таблицаx_2[[#This Row],[id]]=A42,EDATE(Таблицаx_2[[#This Row],[Месяц]],1)=D42),F42,0) -> 0 | K41: =IF(AND(Таблицаx_2[[#This Row],[Месяц окончания]]=Таблицаx_2[[#This Row],[Месяц]],Таблицаx_2[[#This Row],[id]]=A42,EDATE(Таблицаx_2[[#This Row],[Месяц]],2)=D42),F42,0) -> 0
A42: 576 | B42: изменение ЮЛ | C42: Васильев Артем Александрович | D42: 44866 | E42: 36365 | F42: =IF(ISTEXT(Таблицаx_2[[#This Row],[Значение]]), 0, Таблицаx_2[[#This Row],[Значение]]) -> 36365 | G42: 44896 | H42: =IFERROR(VLOOKUP(Таблицаx_2[[#This Row],[id]],prolongations!A:C,2,)," ") -> декабрь 2022 | I42: =IF(Таблицаx_2[[#This Row],[Месяц окончания]]=Таблицаx_2[[#This Row],[Месяц]],Таблицаx_2[[#This Row],[Значения числа]],0) -> 0 | J42: =IF(AND(Таблицаx_2[[#This Row],[Месяц окончания]]=Таблицаx_2[[#This Row],[Месяц]],Таблицаx_2[[#This Row],[id]]=A43,EDATE(Таблицаx_2[[#This Row],[Месяц]],1)=D43),F43,0) -> 0 | K42: =IF(AND(Таблицаx_2[[#This Row],[Месяц окончания]]=Таблицаx_2[[#This Row],[Месяц]],Таблицаx_2[[#This Row],[id]]=A43,EDATE(Таблицаx_2[[#This Row],[Месяц]],2)=D43),F43,0) -> 0
A43: 576 | B43: изменение ЮЛ | C43: Васильев Артем Александрович | D43: 44896 | E43: стоп | F43: =IF(ISTEXT(Таблицаx_2[[#This Row],[Значение]]), 0, Таблицаx_2[[#This Row],[Значение]]) -> 0 | G43: 44896 | H43: =IFERROR(VLOOKUP(Таблицаx_2[[#This Row],[id]],prolongations!A:C,2,)," ") -> декабрь 2022 | I43: =IF(Таблицаx_2[[#This Row],[Месяц окончания]]=Таблицаx_2[[#This Row],[Месяц]],Таблицаx_2[[#This Row],[Значения числа]],0) -> 0 | J43: =IF(AND(Таблицаx_2[[#This Row],[Месяц окончания]]=Таблицаx_2[[#This Row],[Месяц]],Таблицаx_2[[#This Row],[id]]=A44,EDATE(Таблицаx_2[[#This Row],[Месяц]],1)=D44),F44,0) -> 0 | K43: =IF(AND(Таблицаx_2[[#This Row],[Месяц окончания]]=Таблицаx_2[[#This Row],[Месяц]],Таблицаx_2[[#This Row],[id]]=A44,EDATE(Таблицаx_2[[#This Row],[Месяц]],2)=D44),F44,0) -> 0
A44: 328 | C44: Иванова Мария Сергеевна | D44: 44866 | E44: 116473.5 | F44: =IF(ISTEXT(Таблицаx_2[[#This Row],[Значение]]), 0, Таблицаx_2[[#This Row],[Значение]]) -> 116473.5 | G44: 44896 | H44: =IFERROR(VLOOKUP(Таблицаx_2[[#This Row],[id]],prolongations!A:C,2,)," ") -> декабрь 2022 | I44: =IF(Таблицаx_2[[#This Row],[Месяц окончания]]=Таблицаx_2[[#This Row],[Месяц]],Таблицаx_2[[#This Row],[Значения числа]],0) -> 0 | J44: =IF(AND(Таблицаx_2[[#This Row],[Месяц окончания]]=Таблицаx_2[[#This Row],[Месяц]],Таблицаx_2[[#This Row],[id]]=A45,EDATE(Таблицаx_2[[#This Row],[Месяц]],1)=D45),F45,0) -> 0 | K44: =IF(AND(Таблицаx_2[[#This Row],[Месяц окончания]]=Таблицаx_2[[#This Row],[Месяц]],Таблицаx_2[[#This Row],[id]]=A45,EDATE(Таблицаx_2[[#This Row],[Месяц]],2)=D45),F45,0) -> 0
A45: 328 | C45: Иванова Мария Сергеевна | D45: 44896 | E45: 110700 | F45: =IF(ISTEXT(Таблицаx_2[[#This Row],[Значение]]), 0, Таблицаx_2[[#This Row],[Значение]]) -> 110700 | G45: 44896 | H45: =IFERROR(VLOOKUP(Таблицаx_2[[#This Row],[id]],prolongations!A:C,2,)," ") -> декабрь 2022 | I45: =IF(Таблицаx_2[[#This Row],[Месяц окончания]]=Таблицаx_2[[#This Row],[Месяц]],Таблицаx_2[[#This Row],[Значения числа]],0) -> 110700 | J45: =IF(AND(Таблицаx_2[[#This Row],[Месяц окончания]]=Таблицаx_2[[#This Row],[Месяц]],Таблицаx_2[[#This Row],[id]]=A46,EDATE(Таблицаx_2[[#This Row],[Месяц]],1)=D46),F46,0) -> 0 | K45: =IF(AND(Таблицаx_2[[#This Row],[Месяц окончания]]=Таблицаx_2[[#This Row],[Месяц]],Таблицаx_2[[#This Row],[id]]=A46,EDATE(Таблицаx_2[[#This Row],[Месяц]],2)=D46),F46,0) -> 0
A46: 716 | B46: первая часть оплаты | C46: Соколова Анастасия Викторовна | D46: 44866 | E46: 18640 | F46: =IF(ISTEXT(Таблицаx_2[[#This Row],[Значение]]), 0, Таблицаx_2[[#This Row],[Значение]]) -> 18640 | G46: 44896 | H46: =IFERROR(VLOOKUP(Таблицаx_2[[#This Row],[id]],prolongations!A:C,2,)," ") -> декабрь 2022 | I46: =IF(Таблицаx_2[[#This Row],[Месяц окончания]]=Таблицаx_2[[#This Row],[Месяц]],Таблицаx_2[[#This Row],[Значения числа]],0) -> 0 | J46: =IF(AND(Таблицаx_2[[#This Row],[Месяц окончания]]=Таблицаx_2[[#This Row],[Месяц]],Таблицаx_2[[#This Row],[id]]=A47,EDATE(Таблицаx_2[[#This Row],[Месяц]],1)=D47),F47,0) -> 0 | K46: =IF(AND(Таблицаx_2[[#This Row],[Месяц окончания]]=Таблицаx_2[[#This Row],[Месяц]],Таблицаx_2[[#This Row],[id]]=A47,EDATE(Таблицаx_2[[#This Row],[Месяц]],2)=D47),F47,0) -> 0
A47: 716 | B47: первая часть оплаты | C47: Соколова Анастасия Викторовна | D47: 44896 | E47: 18710 | F47: =IF(ISTEXT(Таблицаx_2[[#This Row],[Значение]]), 0, Таблицаx_2[[#This Row],[Значение]]) -> 18710 | G47: 44896 | H47: =IFERROR(VLOOKUP(Таблицаx_2[[#This Row],[id]],prolongations!A:C,2,)," ") -> декабрь 2022 | I47: =IF(Таблицаx_2[[#This Row],[Месяц окончания]]=Таблицаx_2[[#This Row],[Месяц]],Таблицаx_2[[#This Row],[Значения числа]],0) -> 18710 | J47: =IF(AND(Таблицаx_2[[#This Row],[Месяц окончания]]=Таблицаx_2[[#This Row],[Месяц]],Таблицаx_2[[#This Row],[id]]=A48,EDATE(Таблицаx_2[[#This Row],[Месяц]],1)=D48),F48,0) -> 0 | K47: =IF(AND(Таблицаx_2[[#This Row],[Месяц окончания]]=Таблицаx_2[[#This Row],[Месяц]],Таблицаx_2[[#This Row],[id]]=A48,EDATE(Таблицаx_2[[#This Row],[Месяц]],2)=D48),F48,0) -> 0
A48: 716 | B48: вторая часть оплаты | C48: Соколова Анастасия Викторовна | D48: 44866 | E48: 3165 | F48: =IF(ISTEXT(Таблицаx_2[[#This Row],[Значение]]), 0, Таблицаx_2[[#This Row],[Значение]]) -> 3165 | G48: 44896 | H48: =IFERROR(VLOOKUP(Таблицаx_2[[#This Row],[id]],prolongations!A:C,2,)," ") -> декабрь 2022 | I48: =IF(Таблицаx_2[[#This Row],[Месяц окончания]]=Таблицаx_2[[#This Row],[Месяц]],Таблицаx_2[[#This Row],[Значения числа]],0) -> 0 | J48: =IF(AND(Таблицаx_2[[#This Row],[Месяц окончания]]=Таблицаx_2[[#This Row],[Месяц]],Таблицаx_2[[#This Row],[id]]=A49,EDATE(Таблицаx_2[[#This Row],[Месяц]],1)=D49),F49,0) -> 0 | K48: =IF(AND(Таблицаx_2[[#This Row],[Месяц окончания]]=Таблицаx_2[[#This Row],[Месяц]],Таблицаx_2[[#This Row],[id]]=A49,EDATE(Таблицаx_2[[#This Row],[Месяц]],2)=D49),F49,0) -> 0
A49: 716 | B49: вторая часть оплаты | C49: Соколова Анастасия Викторовна | D49: 44896 | E49: 2110 | F49: =IF(ISTEXT(Таблицаx_2[[#This Row],[Значение]]), 0, Таблицаx_2[[#This Row],[Значение]]) -> 2110 | G49: 44896 | H49: =IFERROR(VLOOKUP(Таблицаx_2[[#This Row],[id]],prolongations!A:C,2,)," ") -> декабрь 2022 | I49: =IF(Таблицаx_2[[#This Row],[Месяц окончания]]=Таблицаx_2[[#This Row],[Месяц]],Таблицаx_2[[#This Row],[Значения числа]],0) -> 2110 | J49: =IF(AND(Таблицаx_2[[#This Row],[Месяц окончания]]=Таблицаx_2[[#This Row],[Месяц]],Таблицаx_2[[#This Row],[id]]=A50,EDATE(Таблицаx_2[[#This Row],[Месяц]],1)=D50),F50,0) -> 0 | K49: =IF(AND(Таблицаx_2[[#This Row],[Месяц окончания]]=Таблицаx_2[[#This Row],[Месяц]],Таблицаx_2[[#This Row],[id]]=A50,EDATE(Таблицаx_2[[#This Row],[Месяц]],2)=D50),F50,0) -> 0
A50: 613 | B50: первая часть оплаты | C50: Васильев Артем Александрович | D50: 44866 | E50: в ноль | F50: =IF(ISTEXT(Таблицаx_2[[#This Row],[Значение]]), 0, Таблицаx_2[[#This Row],[Значение]]) -> 0 | G50: 44896 | H50: =IFERROR(VLOOKUP(Таблицаx_2[[#This Row],[id]],prolongations!A:C,2,)," ") -> декабрь 2022 | I50: =IF(Таблицаx_2[[#This Row],[Месяц окончания]]=Таблицаx_2[[#This Row],[Месяц]],Таблицаx_2[[#This Row],[Значения числа]],0) -> 0 | J50: =IF(AND(Таблицаx_2[[#This Row],[Месяц окончания]]=Таблицаx_2[[#This Row],[Месяц]],Таблицаx_2[[#This Row],[id]]=A51,EDATE(Таблицаx_2[[#This Row],[Месяц]],1)=D51),F51,0) -> 0 | K50: =IF(AND(Таблицаx_2[[#This Row],[Месяц окончания]]=Таблицаx_2[[#This Row],[Месяц]],Таблицаx_2[[#This Row],[id]]=A51,EDATE(Таблицаx_2[[#This Row],[Месяц]],2)=D51),F51,0) -> 0
A51: 613 | B51: первая часть оплаты | C51: Васильев Артем Александрович | D51: 44896 | E51: стоп | F51: =IF(ISTEXT(Таблицаx_2[[#This Row],[Значение]]), 0, Таблицаx_2[[#This Row],[Значение]]) -> 0 | G51: 44896 | H51: =IFERROR(VLOOKUP(Таблицаx_2[[#This Row],[id]],prolongations!A:C,2,)," ") -> декабрь 2022 | I51: =IF(Таблицаx_2[[#This Row],[Месяц окончания]]=Таблицаx_2[[#This Row],[Месяц]],Таблицаx_2[[#This Row],[Значения числа]],0) -> 0 | J51: =IF(AND(Таблицаx_2[[#This Row],[Месяц окончания]]=Таблицаx_2[[#This Row],[Месяц]],Таблицаx_2[[#This Row],[id]]=A52,EDATE(Таблицаx_2[[#This Row],[Месяц]],1)=D52),F52,0) -> 0 | K51: =IF(AND(Таблицаx_2[[#This Row],[Месяц окончания]]=Таблицаx_2[[#This Row],[Месяц]],Таблицаx_2[[#This Row],[id]]=A52,EDATE(Таблицаx_2[[#This Row],[Месяц]],2)=D52),F52,0) -> 0
A52: 615 | B52: первая часть оплаты | C52: Васильев Артем Александрович | D52: 44866 | E52: в ноль | F52: =IF(ISTEXT(Таблицаx_2[[#This Row],[Значение]]), 0, Таблицаx_2[[#This Row],[Значение]]) -> 0 | G52: 44896 | H52: =IFERROR(VLOOKUP(Таблицаx_2[[#This Row],[id]],prolongations!A:C,2,)," ") -> декабрь 2022 | I52: =IF(Таблицаx_2[[#This Row],[Месяц окончания]]=Таблицаx_2[[#This Row],[Месяц]],Таблицаx_2[[#This Row],[Значения числа]],0) -> 0 | J52: =IF(AND(Таблицаx_2[[#This Row],[Месяц окончания]]=Таблицаx_2[[#This Row],[Месяц]],Таблицаx_2[[#This Row],[id]]=A53,EDATE(Таблицаx_2[[#This Row],[Месяц]],1)=D53),F53,0) -> 0 | K52: =IF(AND(Таблицаx_2[[#This Row],[Месяц окончания]]=Таблицаx_2[[#This Row],[Месяц]],Таблицаx_2[[#This Row],[id]]=A53,EDATE(Таблицаx_2[[#This Row],[Месяц]],2)=D53),F53,0) -> 0
A53: 615 | B53: первая часть оплаты | C53: Васильев Артем Александрович | D53: 44896 | E53: стоп | F53: =IF(ISTEXT(Таблицаx_2[[#This Row],[Значение]]), 0, Таблицаx_2[[#This Row],[Значение]]) -> 0 | G53: 44896 | H53: =IFERROR(VLOOKUP(Таблицаx_2[[#This Row],[id]],prolongations!A:C,2,)," ") -> декабрь 2022 | I53: =IF(Таблицаx_2[[#This Row],[Месяц окончания]]=Таблицаx_2[[#This Row],[Месяц]],Таблицаx_2[[#This Row],[Значения числа]],0) -> 0 | J53: =IF(AND(Таблицаx_2[[#This Row],[Месяц окончания]]=Таблицаx_2[[#This Row],[Месяц]],Таблицаx_2[[#This Row],[id]]=A54,EDATE(Таблицаx_2[[#This Row],[Месяц]],1)=D54),F54,0) -> 0 | K53: =IF(AND(Таблицаx_2[[#This Row],[Месяц окончания]]=Таблицаx_2[[#This Row],[Месяц]],Таблицаx_2[[#This Row],[id]]=A54,EDATE(Таблицаx_2[[#This Row],[Месяц]],2)=D54),F54,0) -> 0
A54: 617 | B54: первая часть оплаты | C54: Васильев Артем Александрович | D54: 44866 | E54: в ноль | F54: =IF(ISTEXT(Таблицаx_2[[#This Row],[Значение]]), 0, Таблицаx_2[[#This Row],[Значение]]) -> 0 | G54: 44896 | H54: =IFERROR(VLOOKUP(Таблицаx_2[[#This Row],[id]],prolongations!A:C,2,)," ") -> декабрь 2022 | I54: =IF(Таблицаx_2[[#This Row],[Месяц окончания]]=Таблицаx_2[[#This Row],[Месяц]],Таблицаx_2[[#This Row],[Значения числа]],0) -> 0 | J54: =IF(AND(Таблицаx_2[[#This Row],[Месяц окончания]]=Таблицаx_2[[#This Row],[Месяц]],Таблицаx_2[[#This Row],[id]]=A55,EDATE(Таблицаx_2[[#This Row],[Месяц]],1)=D55),F55,0) -> 0 | K54: =IF(AND(Таблицаx_2[[#This Row],[Месяц окончания]]=Таблицаx_2[[#This Row],[Месяц]],Таблицаx_2[[#This Row],[id]]=A55,EDATE(Таблицаx_2[[#This Row],[Месяц]],2)=D55),F55,0) -> 0
A55: 617 | B55: первая часть оплаты | C55: Васильев Артем Александрович | D55: 44896 | E55: стоп | F55: =IF(ISTEXT(Таблицаx_2[[#This Row],[Значение]]), 0, Таблицаx_2[[#This Row],[Значение]]) -> 0 | G55: 44896 | H55: =IFERROR(VLOOKUP(Таблицаx_2[[#This Row],[id]],prolongations!A:C,2,)," ") -> декабрь 2022 | I55: =IF(Таблицаx_2[[#This Row],[Месяц окончания]]=Таблицаx_2[[#This Row],[Месяц]],Таблицаx_2[[#This Row],[Значения числа]],0) -> 0 | J55: =IF(AND(Таблицаx_2[[#This Row],[Месяц окончания]]=Таблицаx_2[[#This Row],[Месяц]],Таблицаx_2[[#This Row],[id]]=A56,EDATE(Таблицаx_2[[#This Row],[Месяц]],1)=D56),F56,0) -> 0 | K55: =IF(AND(Таблицаx_2[[#This Row],[Месяц окончания]]=Таблицаx_2[[#This Row],[Месяц]],Таблицаx_2[[#This Row],[id]]=A56,EDATE(Таблицаx_2[[#This Row],[Месяц]],2)=D56),F56,0) -> 0
A56: 643 | B56: первая часть оплаты | C56: Васильев Артем Александрович | D56: 44866 | E56: в ноль | F56: =IF(ISTEXT(Таблицаx_2[[#This Row],[Значение]]), 0, Таблицаx_2[[#This Row],[Значение]]) -> 0 | G56: 44896 | H56: =IFERROR(VLOOKUP(Таблицаx_2[[#This Row],[id]],prolongations!A:C,2,)," ") -> декабрь 2022 | I56: =IF(Таблицаx_2[[#This Row],[Месяц окончания]]=Таблицаx_2[[#This Row],[Месяц]],Таблицаx_2[[#This Row],[Значения числа]],0) -> 0 | J56: =IF(AND(Таблицаx_2[[#This Row],[Месяц окончания]]=Таблицаx_2[[#This Row],[Месяц]],Таблицаx_2[[#This Row],[id]]=A57,EDATE(Таблицаx_2[[#This Row],[Месяц]],1)=D57),F57,0) -> 0 | K56: =IF(AND(Таблицаx_2[[#This Row],[Месяц окончания]]=Таблицаx_2[[#This Row],[Месяц]],Таблицаx_2[[#This Row],[id]]=A57,EDATE(Таблицаx_2[[#This Row],[Месяц]],2)=D57),F57,0) -> 0
A57: 643 | B57: первая часть оплаты | C57: Васильев Артем Александрович | D57: 44896 | E57: стоп | F57: =IF(ISTEXT(Таблицаx_2[[#This Row],[Значение]]), 0, Таблицаx_2[[#This Row],[Значение]]) -> 0 | G57: 44896 | H57: =IFERROR(VLOOKUP(Таблицаx_2[[#This Row],[id]],prolongations!A:C,2,)," ") -> декабрь 2022 | I57: =IF(Таблицаx_2[[#This Row],[Месяц окончания]]=Таблицаx_2[[#This Row],[Месяц]],Таблицаx_2[[#This Row],[Значения числа]],0) -> 0 | J57: =IF(AND(Таблицаx_2[[#This Row],[Месяц окончания]]=Таблицаx_2[[#This Row],[Месяц]],Таблицаx_2[[#This Row],[id]]=A58,EDATE(Таблицаx_2[[#This Row],[Месяц]],1)=D58),F58,0) -> 0 | K57: =IF(AND(Таблицаx_2[[#This Row],[Месяц окончания]]=Таблицаx_2[[#This Row],[Месяц]],Таблицаx_2[[#This Row],[id]]=A58,EDATE(Таблицаx_2[[#This Row],[Месяц]],2)=D58),F58,0) -> 0
A58: 318 | C58: Попова Екатерина Николаевна | D58: 44866 | E58: 17950 | F58: =IF(ISTEXT(Таблицаx_2[[#This Row],[Значение]]), 0, Таблицаx_2[[#This Row],[Значение]]) -> 17950 | G58: 44896 | H58: =IFERROR(VLOOKUP(Таблицаx_2[[#This Row],[id]],prolongations!A:C,2,)," ") -> декабрь 2022 | I58: =IF(Таблицаx_2[[#This Row],[Месяц окончания]]=Таблицаx_2[[#This Row],[Месяц]],Таблицаx_2[[#This Row],[Значения числа]],0) -> 0 | J58: =IF(AND(Таблицаx_2[[#This Row],[Месяц окончания]]=Таблицаx_2[[#This Row],[Месяц]],Таблицаx_2[[#This Row],[id]]=A59,EDATE(Таблицаx_2[[#This Row],[Месяц]],1)=D59),F59,0) -> 0 | K58: =IF(AND(Таблицаx_2[[#This Row],[Месяц окончания]]=Таблицаx_2[[#This Row],[Месяц]],Таблицаx_2[[#This Row],[id]]=A59,EDATE(Таблицаx_2[[#This Row],[Месяц]],2)=D59),F59,0) -> 0
A59: 318 | C59: Попова Екатерина Николаевна | D59: 44896 | E59: 20590 | F59: =IF(ISTEXT(Таблицаx_2[[#This Row],[Значение]]), 0, Таблицаx_2[[#This Row],[Значение]]) -> 20590 | G59: 44896 | H59: =IFERROR(VLOOKUP(Таблицаx_2[[#This Row],[id]],prolongations!A:C,2,)," ") -> декабрь 2022 | I59: =IF(Таблицаx_2[[#This Row],[Месяц окончания]]=Таблицаx_2[[#This Row],[Месяц]],Таблицаx_2[[#This Row],[Значения числа]],0) -> 20590 | J59: =IF(AND(Таблицаx_2[[#This Row],[Месяц окончания]]=Таблицаx_2[[#This Row],[Месяц]],Таблицаx_2[[#This Row],[id]]=A60,EDATE(Таблицаx_2[[#This Row],[Месяц]],1)=D60),F60,0) -> 0 | K59: =IF(AND(Таблицаx_2[[#This Row],[Месяц окончания]]=Таблицаx_2[[#This Row],[Месяц]],Таблицаx_2[[#This Row],[id]]=A60,EDATE(Таблицаx_2[[#This Row],[Месяц]],2)=D60),F60,0) -> 0
A60: 461 | B60: первая часть оплаты | C60: Иванова Мария Сергеевна | D60: 44866 | E60: 103230 | F60: =IF(ISTEXT(Таблицаx_2[[#This Row],[Значение]]), 0, Таблицаx_2[[#This Row],[Значение]]) -> 103230 | G60: 44896 | H60: =IFERROR(VLOOKUP(Таблицаx_2[[#This Row],[id]],prolongations!A:C,2,)," ") -> декабрь 2022 | I60: =IF(Таблицаx_2[[#This Row],[Месяц окончания]]=Таблицаx_2[[#This Row],[Месяц]],Таблицаx_2[[#This Row],[Значения числа]],0) -> 0 | J60: =IF(AND(Таблицаx_2[[#This Row],[Месяц окончания]]=Таблицаx_2[[#This Row],[Месяц]],Таблицаx_2[[#This Row],[id]]=A61,EDATE(Таблицаx_2[[#This Row],[Месяц]],1)=D61),F61,0) -> 0 | K60: =IF(AND(Таблицаx_2[[#This Row],[Месяц окончания]]=Таблицаx_2[[#This Row],[Месяц]],Таблицаx_2[[#This Row],[id]]=A61,EDATE(Таблицаx_2[[#This Row],[Месяц]],2)=D61),F61,0) -> 0
A61: 461 | B61: первая часть оплаты | C61: Иванова Мария Сергеевна | D61: 44896 | E61: 103230 | F61: =IF(ISTEXT(Таблицаx_2[[#This Row],[Значение]]), 0, Таблицаx_2[[#This Row],[Значение]]) -> 103230 | G61: 44896 | H61: =IFERROR(VLOOKUP(Таблицаx_2[[#This Row],[id]],prolongations!A:C,2,)," ") -> декабрь 2022 | I61: =IF(Таблицаx_2[[#This Row],[Месяц окончания]]=Таблицаx_2[[#This Row],[Месяц]],Таблицаx_2[[#This Row],[Значения числа]],0) -> 103230 | J61: =IF(AND(Таблицаx_2[[#This Row],[Месяц окончания]]=Таблицаx_2[[#This Row],[Месяц]],Таблицаx_2[[#This Row],[id]]=A62,EDATE(Таблицаx_2[[#This Row],[Месяц]],1)=D62),F62,0) -> 0 | K61: =IF(AND(Таблицаx_2[[#This Row],[Месяц окончания]]=Таблицаx_2[[#This Row],[Месяц]],Таблицаx_2[[#This Row],[id]]=A62,EDATE(Таблицаx_2[[#This Row],[Месяц]],2)=D62),F62,0) -> 0
A62: 461 | B62: вторая часть оплаты | C62: Иванова Мария Сергеевна | D62: 44866 | E62: 27720 | F62: =IF(ISTEXT(Таблицаx_2[[#This Row],[Значение]]), 0, Таблицаx_2[[#This Row],[Значение]]) -> 27720 | G62: 44896 | H62: =IFERROR(VLOOKUP(Таблицаx_2[[#This Row],[id]],prolongations!A:C,2,)," ") -> декабрь 2022 | I62: =IF(Таблицаx_2[[#This Row],[Месяц окончания]]=Таблицаx_2[[#This Row],[Месяц]],Таблицаx_2[[#This Row],[Значения числа]],0) -> 0 | J62: =IF(AND(Таблицаx_2[[#This Row],[Месяц окончания]]=Таблицаx_2[[#This Row],[Месяц]],Таблицаx_2[[#This Row],[id]]=A63,EDATE(Таблицаx_2[[#This Row],[Месяц]],1)=D63),F63,0) -> 0 | K62: =IF(AND(Таблицаx_2[[#This Row],[Месяц окончания]]=Таблицаx_2[[#This Row],[Месяц]],Таблицаx_2[[#This Row],[id]]=A63,EDATE(Таблицаx_2[[#This Row],[Месяц]],2)=D63),F63,0) -> 0
A63: 461 | B63: вторая часть оплаты | C63: Иванова Мария Сергеевна | D63: 44896 | E63: 27180 | F63: =IF(ISTEXT(Таблицаx_2[[#This Row],[Значение]]), 0, Таблицаx_2[[#This Row],[Значение]]) -> 27180 | G63: 44896 | H63: =IFERROR(VLOOKUP(Таблицаx_2[[#This Row],[id]],prolongations!A:C,2,)," ") -> декабрь 2022 | I63: =IF(Таблицаx_2[[#This Row],[Месяц окончания]]=Таблицаx_2[[#This Row],[Месяц]],Таблицаx_2[[#This Row],[Значения числа]],0) -> 27180 | J63: =IF(AND(Таблицаx_2[[#This Row],[Месяц окончания]]=Таблицаx_2[[#This Row],[Месяц]],Таблицаx_2[[#This Row],[id]]=A64,EDATE(Таблицаx_2[[#This Row],[Месяц]],1)=D64),F64,0) -> 0 | K63: =IF(AND(Таблицаx_2[[#This Row],[Месяц окончания]]=Таблицаx_2[[#This Row],[Месяц]],Таблицаx_2[[#This Row],[id]]=A64,EDATE(Таблицаx_2[[#This Row],[Месяц]],2)=D64),F64,0) -> 0
A64: 717 | C64: Попова Екатерина Николаевна | D64: 44896 | E64: 34100 | F64: =IF(ISTEXT(Таблицаx_2[[#This Row],[Значение]]), 0, Таблицаx_2[[#This Row],[Значение]]) -> 34100 | G64: 44896 | H64: =IFERROR(VLOOKUP(Таблицаx_2[[#This Row],[id]],prolongations!A:C,2,)," ") -> декабрь 2022 | I64: =IF(Таблицаx_2[[#This Row],[Месяц окончания]]=Таблицаx_2[[#This Row],[Месяц]],Таблицаx_2[[#This Row],[Значения числа]],0) -> 34100 | J64: =IF(AND(Таблицаx_2[[#This Row],[Месяц окончания]]=Таблицаx_2[[#This Row],[Месяц]],Таблицаx_2[[#This Row],[id]]=A65,EDATE(Таблицаx_2[[#This Row],[Месяц]],1)=D65),F65,0) -> 0 | K64: =IF(AND(Таблицаx_2[[#This Row],[Месяц окончания]]=Таблицаx_2[[#This Row],[Месяц]],Таблицаx_2[[#This Row],[id]]=A65,EDATE(Таблицаx_2[[#This Row],[Месяц]],2)=D65),F65,0) -> 0
A65: 418 | C65: Михайлов Андрей Сергеевич | D65: 44866 | E65: 160420 | F65: =IF(ISTEXT(Таблицаx_2[[#This Row],[Значение]]), 0, Таблицаx_2[[#This Row],[Значение]]) -> 160420 | G65: 44896 | H65: =IFERROR(VLOOKUP(Таблицаx_2[[#This Row],[id]],prolongations!A:C,2,)," ") -> декабрь 2022 | I65: =IF(Таблицаx_2[[#This Row],[Месяц окончания]]=Таблицаx_2[[#This Row],[Месяц]],Таблицаx_2[[#This Row],[Значения числа]],0) -> 0 | J65: =IF(AND(Таблицаx_2[[#This Row],[Месяц окончания]]=Таблицаx_2[[#This Row],[Месяц]],Таблицаx_2[[#This Row],[id]]=A66,EDATE(Таблицаx_2[[#This Row],[Месяц]],1)=D66),F66,0) -> 0 | K65: =IF(AND(Таблицаx_2[[#This Row],[Месяц окончания]]=Таблицаx_2[[#This Row],[Месяц]],Таблицаx_2[[#This Row],[id]]=A66,EDATE(Таблицаx_2[[#This Row],[Месяц]],2)=D66),F66,0) -> 0
A66: 418 | C66: Михайлов Андрей Сергеевич | D66: 44896 | E66: стоп | F66: =IF(ISTEXT(Таблицаx_2[[#This Row],[Значение]]), 0, Таблицаx_2[[#This Row],[Значение]]) -> 0 | G66: 44896 | H66: =IFERROR(VLOOKUP(Таблицаx_2[[#This Row],[id]],prolongations!A:C,2,)," ") -> декабрь 2022 | I66: =IF(Таблицаx_2[[#This Row],[Месяц окончания]]=Таблицаx_2[[#This Row],[Месяц]],Таблицаx_2[[#This Row],[Значения числа]],0) -> 0 | J66: =IF(AND(Таблицаx_2[[#This Row],[Месяц окончания]]=Таблицаx_2[[#This Row],[Месяц]],Таблицаx_2[[#This Row],[id]]=A67,EDATE(Таблицаx_2[[#This Row],[Месяц]],1)=D67),F67,0) -> 0 | K66: =IF(AND(Таблицаx_2[[#This Row],[Месяц окончания]]=Таблицаx_2[[#This Row],[Месяц]],Таблицаx_2[[#This Row],[id]]=A67,EDATE(Таблицаx_2[[#This Row],[Месяц]],2)=D67),F67,0) -> 0
A67: 456 | C67: Михайлов Андрей Сергеевич | D67: 44866 | E67: 91240 | F67: =IF(ISTEXT(Таблицаx_2[[#This Row],[Значение]]), 0, Таблицаx_2[[#This Row],[Значение]]) -> 91240 | G67: 44896 | H67: =IFERROR(VLOOKUP(Таблицаx_2[[#This Row],[id]],prolongations!A:C,2,)," ") -> декабрь 2022 | I67: =IF(Таблицаx_2[[#This Row],[Месяц окончания]]=Таблицаx_2[[#This Row],[Месяц]],Таблицаx_2[[#This Row],[Значения числа]],0) -> 0 | J67: =IF(AND(Таблицаx_2[[#This Row],[Месяц окончания]]=Таблицаx_2[[#This Row],[Месяц]],Таблицаx_2[[#This Row],[id]]=A68,EDATE(Таблицаx_2[[#This Row],[Месяц]],1)=D68),F68,0) -> 0 | K67: =IF(AND(Таблицаx_2[[#This Row],[Месяц окончания]]=Таблицаx_2[[#This Row],[Месяц]],Таблицаx_2[[#This Row],[id]]=A68,EDATE(Таблицаx_2[[#This Row],[Месяц]],2)=D68),F68,0) -> 0
A68: 456 | C68: Михайлов Андрей Сергеевич | D68: 44896 | E68: стоп | F68: =IF(ISTEXT(Таблицаx_2[[#This Row],[Значение]]), 0, Таблицаx_2[[#This Row],[Значение]]) -> 0 | G68: 44896 | H68: =IFERROR(VLOOKUP(Таблицаx_2[[#This Row],[id]],prolongations!A:C,2,)," ") -> декабрь 2022 | I68: =IF(Таблицаx_2[[#This Row],[Месяц окончания]]=Таблицаx_2[[#This Row],[Месяц]],Таблицаx_2[[#This Row],[Значения числа]],0) -> 0 | J68: =IF(AND(Таблицаx_2[[#This Row],[Месяц окончания]]=Таблицаx_2[[#This Row],[Месяц]],Таблицаx_2[[#This Row],[id]]=A69,EDATE(Таблицаx_2[[#This Row],[Месяц]],1)=D69),F69,0) -> 0 | K68: =IF(AND(Таблицаx_2[[#This Row],[Месяц окончания]]=Таблицаx_2[[#This Row],[Месяц]],Таблицаx_2[[#This Row],[id]]=A69,EDATE(Таблицаx_2[[#This Row],[Месяц]],2)=D69),F69,0) -> 0
A69: 457 | C69: Михайлов Андрей Сергеевич | D69: 44866 | E69: 104675 | F69: =IF(ISTEXT(Таблицаx_2[[#This Row],[Значение]]), 0, Таблицаx_2[[#This Row],[Значение]]) -> 104675 | G69: 44896 | H69: =IFERROR(VLOOKUP(Таблицаx_2[[#This Row],[id]],prolongations!A:C,2,)," ") -> декабрь 2022 | I69: =IF(Таблицаx_2[[#This Row],[Месяц окончания]]=Таблицаx_2[[#This Row],[Месяц]],Таблицаx_2[[#This Row],[Значения числа]],0) -> 0 | J69: =IF(AND(Таблицаx_2[[#This Row],[Месяц окончания]]=Таблицаx_2[[#This Row],[Месяц]],Таблицаx_2[[#This Row],[id]]=A70,EDATE(Таблицаx_2[[#This Row],[Месяц]],1)=D70),F70,0) -> 0 | K69: =IF(AND(Таблицаx_2[[#This Row],[Месяц окончания]]=Таблицаx_2[[#This Row],[Месяц]],Таблицаx_2[[#This Row],[id]]=A70,EDATE(Таблицаx_2[[#This Row],[Месяц]],2)=D70),F70,0) -> 0
A70: 457 | C70: Михайлов Андрей Сергеевич | D70: 44896 | E70: стоп | F70: =IF(ISTEXT(Таблицаx_2[[#This Row],[Значение]]), 0, Таблицаx_2[[#This Row],[Значение]]) -> 0 | G70: 44896 | H70: =IFERROR(VLOOKUP(Таблицаx_2[[#This Row],[id]],prolongations!A:C,2,)," ") -> декабрь 2022 | I70: =IF(Таблицаx_2[[#This Row],[Месяц окончания]]=Таблицаx_2[[#This Row],[Месяц]],Таблицаx_2[[#This Row],[Значения числа]],0) -> 0 | J70: =IF(AND(Таблицаx_2[[#This Row],[Месяц окончания]]=Таблицаx_2[[#This Row],[Месяц]],Таблицаx_2[[#This Row],[id]]=A71,EDATE(Таблицаx_2[[#This Row],[Месяц]],1)=D71),F71,0) -> 0 | K70: =IF(AND(Таблицаx_2[[#This Row],[Месяц окончания]]=Таблицаx_2[[#This Row],[Месяц]],Таблицаx_2[[#This Row],[id]]=A71,EDATE(Таблицаx_2[[#This Row],[Месяц]],2)=D71),F71,0) -> 0
A71: 454 | C71: Михайлов Андрей Сергеевич | D71: 44866 | E71: 88540 | F71: =IF(ISTEXT(Таблицаx_2[[#This Row],[Значение]]), 0, Таблицаx_2[[#This Row],[Значение]]) -> 88540 | G71: 44896 | H71: =IFERROR(VLOOKUP(Таблицаx_2[[#This Row],[id]],prolongations!A:C,2,)," ") -> декабрь 2022 | I71: =IF(Таблицаx_2[[#This Row],[Месяц окончания]]=Таблицаx_2[[#This Row],[Месяц]],Таблицаx_2[[#This Row],[Значения числа]],0) -> 0 | J71: =IF(AND(Таблицаx_2[[#This Row],[Месяц окончания]]=Таблицаx_2[[#This Row],[Месяц]],Таблицаx_2[[#This Row],[id]]=A72,EDATE(Таблицаx_2[[#This Row],[Месяц]],1)=D72),F72,0) -> 0 | K71: =IF(AND(Таблицаx_2[[#This Row],[Месяц окончания]]=Таблицаx_2[[#This Row],[Месяц]],Таблицаx_2[[#This Row],[id]]=A72,EDATE(Таблицаx_2[[#This Row],[Месяц]],2)=D72),F72,0) -> 0
A72: 454 | C72: Михайлов Андрей Сергеевич | D72: 44896 | E72: 92140 | F72: =IF(ISTEXT(Таблицаx_2[[#This Row],[Значение]]), 0, Таблицаx_2[[#This Row],[Значение]]) -> 92140 | G72: 44896 | H72: =IFERROR(VLOOKUP(Таблицаx_2[[#This Row],[id]],prolongations!A:C,2,)," ") -> декабрь 2022 | I72: =IF(Таблицаx_2[[#This Row],[Месяц окончания]]=Таблицаx_2[[#This Row],[Месяц]],Таблицаx_2[[#This Row],[Значения числа]],0) -> 92140 | J72: =IF(AND(Таблицаx_2[[#This Row],[Месяц окончания]]=Таблицаx_2[[#This Row],[Месяц]],Таблицаx_2[[#This Row],[id]]=A73,EDATE(Таблицаx_2[[#This Row],[Месяц]],1)=D73),F73,0) -> 0 | K72: =IF(AND(Таблицаx_2[[#This Row],[Месяц окончания]]=Таблицаx_2[[#This Row],[Месяц]],Таблицаx_2[[#This Row],[id]]=A73,EDATE(Таблицаx_2[[#This Row],[Месяц]],2)=D73),F73,0) -> 0
A73: 455 | C73: Михайлов Андрей Сергеевич | D73: 44866 | E73: 55000 | F73: =IF(ISTEXT(Таблицаx_2[[#This Row],[Значение]]), 0, Таблицаx_2[[#This Row],[Значение]]) -> 55000 | G73: 44896 | H73: =IFERROR(VLOOKUP(Таблицаx_2[[#This Row],[id]],prolongations!A:C,2,)," ") -> декабрь 2022 | I73: =IF(Таблицаx_2[[#This Row],[Месяц окончания]]=Таблицаx_2[[#This Row],[Месяц]],Таблицаx_2[[#This Row],[Значения числа]],0) -> 0 | J73: =IF(AND(Таблицаx_2[[#This Row],[Месяц окончания]]=Таблицаx_2[[#This Row],[Месяц]],Таблицаx_2[[#This Row],[id]]=A74,EDATE(Таблицаx_2[[#This Row],[Месяц]],1)=D74),F74,0) -> 0 | K73: =IF(AND(Таблицаx_2[[#This Row],[Месяц окончания]]=Таблицаx_2[[#This Row],[Месяц]],Таблицаx_2[[#This Row],[id]]=A74,EDATE(Таблицаx_2[[#This Row],[Месяц]],2)=D74),F74,0) -> 0
A74: 455 | C74: Михайлов Андрей Сергеевич | D74: 44896 | E74: 55000 | F74: =IF(ISTEXT(Таблицаx_2[[#This Row],[Значение]]), 0, Таблицаx_2[[#This Row],[Значение]]) -> 55000 | G74: 44896 | H74: =IFERROR(VLOOKUP(Таблицаx_2[[#This Row],[id]],prolongations!A:C,2,)," ") -> декабрь 2022 | I74: =IF(Таблицаx_2[[#This Row],[Месяц окончания]]=Таблицаx_2[[#This Row],[Месяц]],Таблицаx_2[[#This Row],[Значения числа]],0) -> 55000 | J74: =IF(AND(Таблицаx_2[[#This Row],[Месяц окончания]]=Таблицаx_2[[#This Row],[Месяц]],Таблицаx_2[[#This Row],[id]]=A75,EDATE(Таблицаx_2[[#This Row],[Месяц]],1)=D75),F75,0) -> 0 | K74: =IF(AND(Таблицаx_2[[#This Row],[Месяц окончания]]=Таблицаx_2[[#This Row],[Месяц]],Таблицаx_2[[#This Row],[id]]=A75,EDATE(Таблицаx_2[[#This Row],[Месяц]],2)=D75),F75,0) -> 0
A75: 693 | B75: изменение ЮЛ | C75: Попова Екатерина Николаевна | D75: 44866 | E75: 81085 | F75: =IF(ISTEXT(Таблицаx_2[[#This Row],[Значение]]), 0, Таблицаx_2[[#This Row],[Значение]]) -> 81085 | G75: 44896 | H75: =IFERROR(VLOOKUP(Таблицаx_2[[#This Row],[id]],prolongations!A:C,2,)," ") -> декабрь 2022 | I75: =IF(Таблицаx_2[[#This Row],[Месяц окончания]]=Таблицаx_2[[#This Row],[Месяц]],Таблицаx_2[[#This Row],[Значения числа]],0) -> 0 | J75: =IF(AND(Таблицаx_2[[#This Row],[Месяц окончания]]=Таблицаx_2[[#This Row],[Месяц]],Таблицаx_2[[#This Row],[id]]=A76,EDATE(Таблицаx_2[[#This Row],[Месяц]],1)=D76),F76,0) -> 0 | K75: =IF(AND(Таблицаx_2[[#This Row],[Месяц окончания]]=Таблицаx_2[[#This Row],[Месяц]],Таблицаx_2[[#This Row],[id]]=A76,EDATE(Таблицаx_2[[#This Row],[Месяц]],2)=D76),F76,0) -> 0
A76: 693 | B76: изменение ЮЛ | C76: Попова Екатерина Николаевна | D76: 44896 | E76: 82435 | F76: =IF(ISTEXT(Таблицаx_2[[#This Row],[Значение]]), 0, Таблицаx_2[[#This Row],[Значение]]) -> 82435 | G76: 44896 | H76: =IFERROR(VLOOKUP(Таблицаx_2[[#This Row],[id]],prolongations!A:C,2,)," ") -> декабрь 2022 | I76: =IF(Таблицаx_2[[#This Row],[Месяц окончания]]=Таблицаx_2[[#This Row],[Месяц]],Таблицаx_2[[#This Row],[Значения числа]],0) -> 82435 | J76: =IF(AND(Таблицаx_2[[#This Row],[Месяц окончания]]=Таблицаx_2[[#This Row],[Месяц]],Таблицаx_2[[#This Row],[id]]=A77,EDATE(Таблицаx_2[[#This Row],[Месяц]],1)=D77),F77,0) -> 0 | K76: =IF(AND(Таблицаx_2[[#This Row],[Месяц окончания]]=Таблицаx_2[[#This Row],[Месяц]],Таблицаx_2[[#This Row],[id]]=A77,EDATE(Таблицаx_2[[#This Row],[Месяц]],2)=D77),F77,0) -> 0
A77: 654 | C77: Соколова Анастасия Викторовна | D77: 44866 | E77: 150685.21 | F77: =IF(ISTEXT(Таблицаx_2[[#This Row],[Значение]]), 0, Таблицаx_2[[#This Row],[Значение]]) -> 150685.21 | G77: 44896 | H77: =IFERROR(VLOOKUP(Таблицаx_2[[#This Row],[id]],prolongations!A:C,2,)," ") -> декабрь 2022 | I77: =IF(Таблицаx_2[[#This Row],[Месяц окончания]]=Таблицаx_2[[#This Row],[Месяц]],Таблицаx_2[[#This Row],[Значения числа]],0) -> 0 | J77: =IF(AND(Таблицаx_2[[#This Row],[Месяц окончания]]=Таблицаx_2[[#This Row],[Месяц]],Таблицаx_2[[#This Row],[id]]=A78,EDATE(Таблицаx_2[[#This Row],[Месяц]],1)=D78),F78,0) -> 0 | K77: =IF(AND(Таблицаx_2[[#This Row],[Месяц окончания]]=Таблицаx_2[[#This Row],[Месяц]],Таблицаx_2[[#This Row],[id]]=A78,EDATE(Таблицаx_2[[#This Row],[Месяц]],2)=D78),F78,0) -> 0
A78: 654 | C78: Соколова Анастасия Викторовна | D78: 44896 | E78: 231057.76 | F78: =IF(ISTEXT(Таблицаx_2[[#This Row],[Значение]]), 0, Таблицаx_2[[#This Row],[Значение]]) -> 231057.76 | G78: 44896 | H78: =IFERROR(VLOOKUP(Таблицаx_2[[#This Row],[id]],prolongations!A:C,2,)," ") -> декабрь 2022 | I78: =IF(Таблицаx_2[[#This Row],[Месяц окончания]]=Таблицаx_2[[#This Row],[Месяц]],Таблицаx_2[[#This Row],[Значения числа]],0) -> 231057.76 | J78: =IF(AND(Таблицаx_2[[#This Row],[Месяц окончания]]=Таблицаx_2[[#This Row],[Месяц]],Таблицаx_2[[#This Row],[id]]=A79,EDATE(Таблицаx_2[[#This Row],[Месяц]],1)=D79),F79,0) -> 0 | K78: =IF(AND(Таблицаx_2[[#This Row],[Месяц окончания]]=Таблицаx_2[[#This Row],[Месяц]],Таблицаx_2[[#This Row],[id]]=A79,EDATE(Таблицаx_2[[#This Row],[Месяц]],2)=D79),F79,0) -> 0
A79: 475 | C79: Соколова Анастасия Викторовна | D79: 44866 | E79: 100485 | F79: =IF(ISTEXT(Таблицаx_2[[#This Row],[Значение]]), 0, Таблицаx_2[[#This Row],[Значение]]) -> 100485 | G79: 44896 | H79: =IFERROR(VLOOKUP(Таблицаx_2[[#This Row],[id]],prolongations!A:C,2,)," ") -> декабрь 2022 | I79: =IF(Таблицаx_2[[#This Row],[Месяц окончания]]=Таблицаx_2[[#This Row],[Месяц]],Таблицаx_2[[#This Row],[Значения числа]],0) -> 0 | J79: =IF(AND(Таблицаx_2[[#This Row],[Месяц окончания]]=Таблицаx_2[[#This Row],[Месяц]],Таблицаx_2[[#This Row],[id]]=A80,EDATE(Таблицаx_2[[#This Row],[Месяц]],1)=D80),F80,0) -> 0 | K79: =IF(AND(Таблицаx_2[[#This Row],[Месяц окончания]]=Таблицаx_2[[#This Row],[Месяц]],Таблицаx_2[[#This Row],[id]]=A80,EDATE(Таблицаx_2[[#This Row],[Месяц]],2)=D80),F80,0) -> 0
A80: 475 | C80: Соколова Анастасия Викторовна | D80: 44896 | E80: 100485 | F80: =IF(ISTEXT(Таблицаx_2[[#This Row],[Значение]]), 0, Таблицаx_2[[#This Row],[Значение]]) -> 100485 | G80: 44896 | H80: =IFERROR(VLOOKUP(Таблицаx_2[[#This Row],[id]],prolongations!A:C,2,)," ") -> декабрь 2022 | I80: =IF(Таблицаx_2[[#This Row],[Месяц окончания]]=Таблицаx_2[[#This Row],[Месяц]],Таблицаx_2[[#This Row],[Значения числа]],0) -> 100485 | J80: =IF(AND(Таблицаx_2[[#This Row],[Месяц окончания]]=Таблицаx_2[[#This Row],[Месяц]],Таблицаx_2[[#This Row],[id]]=A81,EDATE(Таблицаx_2[[#This Row],[Месяц]],1)=D81),F81,0) -> 0 | K80: =IF(AND(Таблицаx_2[[#This Row],[Месяц окончания]]=Таблицаx_2[[#This Row],[Месяц]],Таблицаx_2[[#This Row],[id]]=A81,EDATE(Таблицаx_2[[#This Row],[Месяц]],2)=D81),F81,0) -> 0
A81: 193 | B81: первая часть оплаты | C81: Иванова Мария Сергеевна | D81: 44866 | E81: 164000 | F81: =IF(ISTEXT(Таблицаx_2[[#This Row],[Значение]]), 0, Таблицаx_2[[#This Row],[Значение]]) -> 164000 | G81: 44896 | H81: =IFERROR(VLOOKUP(Таблицаx_2[[#This Row],[id]],prolongations!A:C,2,)," ") -> декабрь 2022 | I81: =IF(Таблицаx_2[[#This Row],[Месяц окончания]]=Таблицаx_2[[#This Row],[Месяц]],Таблицаx_2[[#This Row],[Значения числа]],0) -> 0 | J81: =IF(AND(Таблицаx_2[[#This Row],[Месяц окончания]]=Таблицаx_2[[#This Row],[Месяц]],Таблицаx_2[[#This Row],[id]]=A82,EDATE(Таблицаx_2[[#This Row],[Месяц]],1)=D82),F82,0) -> 0 | K81: =IF(AND(Таблицаx_2[[#This Row],[Месяц окончания]]=Таблицаx_2[[#This Row],[Месяц]],Таблицаx_2[[#This Row],[id]]=A82,EDATE(Таблицаx_2[[#This Row],[Месяц]],2)=D82),F82,0) -> 0
A82: 193 | B82: первая часть оплаты | C82: Иванова Мария Сергеевна | D82: 44896 | E82: 190280 | F82: =IF(ISTEXT(Таблицаx_2[[#This Row],[Значение]]), 0, Таблицаx_2[[#This Row],[Значение]]) -> 190280 | G82: 44896 | H82: =IFERROR(VLOOKUP(Таблицаx_2[[#This Row],[id]],prolongations!A:C,2,)," ") -> декабрь 2022 | I82: =IF(Таблицаx_2[[#This Row],[Месяц окончания]]=Таблицаx_2[[#This Row],[Месяц]],Таблицаx_2[[#This Row],[Значения числа]],0) -> 190280 | J82: =IF(AND(Таблицаx_2[[#This Row],[Месяц окончания]]=Таблицаx_2[[#This Row],[Месяц]],Таблицаx_2[[#This Row],[id]]=A83,EDATE(Таблицаx_2[[#This Row],[Месяц]],1)=D83),F83,0) -> 0 | K82: =IF(AND(Таблицаx_2[[#This Row],[Месяц окончания]]=Таблицаx_2[[#This Row],[Месяц]],Таблицаx_2[[#This Row],[id]]=A83,EDATE(Таблицаx_2[[#This Row],[Месяц]],2)=D83),F83,0) -> 0
A83: 390 | C83: Иванова Мария Сергеевна | D83: 44866 | E83: 221830 | F83: =IF(ISTEXT(Таблицаx_2[[#This Row],[Значение]]), 0, Таблицаx_2[[#This Row],[Значение]]) -> 221830 | G83: 44896 | H83: =IFERROR(VLOOKUP(Таблицаx_2[[#This Row],[id]],prolongations!A:C,2,)," ") -> декабрь 2022 | I83: =IF(Таблицаx_2[[#This Row],[Месяц окончания]]=Таблицаx_2[[#This Row],[Месяц]],Таблицаx_2[[#This Row],[Значения числа]],0) -> 0 | J83: =IF(AND(Таблицаx_2[[#This Row],[Месяц окончания]]=Таблицаx_2[[#This Row],[Месяц]],Таблицаx_2[[#This Row],[id]]=A84,EDATE(Таблицаx_2[[#This Row],[Месяц]],1)=D84),F84,0) -> 0 | K83: =IF(AND(Таблицаx_2[[#This Row],[Месяц окончания]]=Таблицаx_2[[#This Row],[Месяц]],Таблицаx_2[[#This Row],[id]]=A84,EDATE(Таблицаx_2[[#This Row],[Месяц]],2)=D84),F84,0) -> 0
A84: 390 | C84: Иванова Мария Сергеевна | D84: 44896 | E84: 220830 | F84: =IF(ISTEXT(Таблицаx_2[[#This Row],[Значение]]), 0, Таблицаx_2[[#This Row],[Значение]]) -> 220830 | G84: 44896 | H84: =IFERROR(VLOOKUP(Таблицаx_2[[#This Row],[id]],prolongations!A:C,2,)," ") -> декабрь 2022 | I84: =IF(Таблицаx_2[[#This Row],[Месяц окончания]]=Таблицаx_2[[#This Row],[Месяц]],Таблицаx_2[[#This Row],[Значения числа]],0) -> 220830 | J84: =IF(AND(Таблицаx_2[[#This Row],[Месяц окончания]]=Таблицаx_2[[#This Row],[Месяц]],Таблицаx_2[[#This Row],[id]]=A85,EDATE(Таблицаx_2[[#This Row],[Месяц]],1)=D85),F85,0) -> 0 | K84: =IF(AND(Таблицаx_2[[#This Row],[Месяц окончания]]=Таблицаx_2[[#This Row],[Месяц]],Таблицаx_2[[#This Row],[id]]=A85,EDATE(Таблицаx_2[[#This Row],[Месяц]],2)=D85),F85,0) -> 0
A85: 477 | C85: Иванова Мария Сергеевна | D85: 44866 | E85: 7000 | F85: =IF(ISTEXT(Таблицаx_2[[#This Row],[Значение]]), 0, Таблицаx_2[[#This Row],[Значение]]) -> 7000 | G85: 44896 | H85: =IFERROR(VLOOKUP(Таблицаx_2[[#This Row],[id]],prolongations!A:C,2,)," ") -> декабрь 2022 | I85: =IF(Таблицаx_2[[#This Row],[Месяц окончания]]=Таблицаx_2[[#This Row],[Месяц]],Таблицаx_2[[#This Row],[Значения числа]],0) -> 0 | J85: =IF(AND(Таблицаx_2[[#This Row],[Месяц окончания]]=Таблицаx_2[[#This Row],[Месяц]],Таблицаx_2[[#This Row],[id]]=A86,EDATE(Таблицаx_2[[#This Row],[Месяц]],1)=D86),F86,0) -> 0 | K85: =IF(AND(Таблицаx_2[[#This Row],[Месяц окончания]]=Таблицаx_2[[#This Row],[Месяц]],Таблицаx_2[[#This Row],[id]]=A86,EDATE(Таблицаx_2[[#This Row],[Месяц]],2)=D86),F86,0) -> 0
A86: 477 | C86: Иванова Мария Сергеевна | D86: 44896 | E86: стоп | F86: =IF(ISTEXT(Таблицаx_2[[#This Row],[Значение]]), 0, Таблицаx_2[[#This Row],[Значение]]) -> 0 | G86: 44896 | H86: =IFERROR(VLOOKUP(Таблицаx_2[[#This Row],[id]],prolongations!A:C,2,)," ") -> декабрь 2022 | I86: =IF(Таблицаx_2[[#This Row],[Месяц окончания]]=Таблицаx_2[[#This Row],[Месяц]],Таблицаx_2[[#This Row],[Значения числа]],0) -> 0 | J86: =IF(AND(Таблицаx_2[[#This Row],[Месяц окончания]]=Таблицаx_2[[#This Row],[Месяц]],Таблицаx_2[[#This Row],[id]]=A87,EDATE(Таблицаx_2[[#This Row],[Месяц]],1)=D87),F87,0) -> 0 | K86: =IF(AND(Таблицаx_2[[#This Row],[Месяц окончания]]=Таблицаx_2[[#This Row],[Месяц]],Таблицаx_2[[#This Row],[id]]=A87,EDATE(Таблицаx_2[[#This Row],[Месяц]],2)=D87),F87,0) -> 0
A87: 478 | C87: Иванова Мария Сергеевна | D87: 44866 | E87: 76760 | F87: =IF(ISTEXT(Таблицаx_2[[#This Row],[Значение]]), 0, Таблицаx_2[[#This Row],[Значение]]) -> 76760 | G87: 44896 | H87: =IFERROR(VLOOKUP(Таблицаx_2[[#This Row],[id]],prolongations!A:C,2,)," ") -> декабрь 2022 | I87: =IF(Таблицаx_2[[#This Row],[Месяц окончания]]=Таблицаx_2[[#This Row],[Месяц]],Таблицаx_2[[#This Row],[Значения числа]],0) -> 0 | J87: =IF(AND(Таблицаx_2[[#This Row],[Месяц окончания]]=Таблицаx_2[[#This Row],[Месяц]],Таблицаx_2[[#This Row],[id]]=A88,EDATE(Таблицаx_2[[#This Row],[Месяц]],1)=D88),F88,0) -> 0 | K87: =IF(AND(Таблицаx_2[[#This Row],[Месяц окончания]]=Таблицаx_2[[#This Row],[Месяц]],Таблицаx_2[[#This Row],[id]]=A88,EDATE(Таблицаx_2[[#This Row],[Месяц]],2)=D88),F88,0) -> 0
A88: 478 | C88: Иванова Мария Сергеевна | D88: 44896 | E88: 90935 | F88: =IF(ISTEXT(Таблицаx_2[[#This Row],[Значение]]), 0, Таблицаx_2[[#This Row],[Значение]]) -> 90935 | G88: 44896 | H88: =IFERROR(VLOOKUP(Таблицаx_2[[#This Row],[id]],prolongations!A:C,2,)," ") -> декабрь 2022 | I88: =IF(Таблицаx_2[[#This Row],[Месяц окончания]]=Таблицаx_2[[#This Row],[Месяц]],Таблицаx_2[[#This Row],[Значения числа]],0) -> 90935 | J88: =IF(AND(Таблицаx_2[[#This Row],[Месяц окончания]]=Таблицаx_2[[#This Row],[Месяц]],Таблицаx_2[[#This Row],[id]]=A89,EDATE(Таблицаx_2[[#This Row],[Месяц]],1)=D89),F89,0) -> 0 | K88: =IF(AND(Таблицаx_2[[#This Row],[Месяц окончания]]=Таблицаx_2[[#This Row],[Месяц]],Таблицаx_2[[#This Row],[id]]=A89,EDATE(Таблицаx_2[[#This Row],[Месяц]],2)=D89),F89,0) -> 0
A89: 535 | B89: первая часть оплаты | C89: Иванова Мария Сергеевна | D89: 44866 | E89: 44570 | F89: =IF(ISTEXT(Таблицаx_2[[#This Row],[Значение]]), 0, Таблицаx_2[[#This Row],[Значение]]) -> 44570 | G89: 44896 | H89: =IFERROR(VLOOKUP(Таблицаx_2[[#This Row],[id]],prolongations!A:C,2,)," ") -> декабрь 2022 | I89: =IF(Таблицаx_2[[#This Row],[Месяц окончания]]=Таблицаx_2[[#This Row],[Месяц]],Таблицаx_2[[#This Row],[Значения числа]],0) -> 0 | J89: =IF(AND(Таблицаx_2[[#This Row],[Месяц окончания]]=Таблицаx_2[[#This Row],[Месяц]],Таблицаx_2[[#This Row],[id]]=A90,EDATE(Таблицаx_2[[#This Row],[Месяц]],1)=D90),F90,0) -> 0 | K89: =IF(AND(Таблицаx_2[[#This Row],[Месяц окончания]]=Таблицаx_2[[#This Row],[Месяц]],Таблицаx_2[[#This Row],[id]]=A90,EDATE(Таблицаx_2[[#This Row],[Месяц]],2)=D90),F90,0) -> 0
A90: 535 | B90: первая часть оплаты | C90: Иванова Мария Сергеевна | D90: 44896 | E90: 44570 | F90: =IF(ISTEXT(Таблицаx_2[[#This Row],[Значение]]), 0, Таблицаx_2[[#This Row],[Значение]]) -> 44570 | G90: 44896 | H90: =IFERROR(VLOOKUP(Таблицаx_2[[#This Row],[id]],prolongations!A:C,2,)," ") -> декабрь 2022 | I90: =IF(Таблицаx_2[[#This Row],[Месяц окончания]]=Таблицаx_2[[#This Row],[Месяц]],Таблицаx_2[[#This Row],[Значения числа]],0) -> 44570 | J90: =IF(AND(Таблицаx_2[[#This Row],[Месяц окончания]]=Таблицаx_2[[#This Row],[Месяц]],Таблицаx_2[[#This Row],[id]]=A91,EDATE(Таблицаx_2[[#This Row],[Месяц]],1)=D91),F91,0) -> 0 | K90: =IF(AND(Таблицаx_2[[#This Row],[Месяц окончания]]=Таблицаx_2[[#This Row],[Месяц]],Таблицаx_2[[#This Row],[id]]=A91,EDATE(Таблицаx_2[[#This Row],[Месяц]],2)=D91),F91,0) -> 0
A91: 535 | B91: вторая часть оплаты | C91: Иванова Мария Сергеевна | D91: 44866 | E91: 29685 | F91: =IF(ISTEXT(Таблицаx_2[[#This Row],[Значение]]), 0, Таблицаx_2[[#This Row],[Значение]]) -> 29685 | G91: 44896 | H91: =IFERROR(VLOOKUP(Таблицаx_2[[#This Row],[id]],prolongations!A:C,2,)," ") -> декабрь 2022 | I91: =IF(Таблицаx_2[[#This Row],[Месяц окончания]]=Таблицаx_2[[#This Row],[Месяц]],Таблицаx_2[[#This Row],[Значения числа]],0) -> 0 | J91: =IF(AND(Таблицаx_2[[#This Row],[Месяц окончания]]=Таблицаx_2[[#This Row],[Месяц]],Таблицаx_2[[#This Row],[id]]=A92,EDATE(Таблицаx_2[[#This Row],[Месяц]],1)=D92),F92,0) -> 0 | K91: =IF(AND(Таблицаx_2[[#This Row],[Месяц окончания]]=Таблицаx_2[[#This Row],[Месяц]],Таблицаx_2[[#This Row],[id]]=A92,EDATE(Таблицаx_2[[#This Row],[Месяц]],2)=D92),F92,0) -> 0
A92: 535 | B92: вторая часть оплаты | C92: Иванова Мария Сергеевна | D92: 44896 | E92: 65020 | F92: =IF(ISTEXT(Таблицаx_2[[#This Row],[Значение]]), 0, Таблицаx_2[[#This Row],[Значение]]) -> 65020 | G92: 44896 | H92: =IFERROR(VLOOKUP(Таблицаx_2[[#This Row],[id]],prolongations!A:C,2,)," ") -> декабрь 2022 | I92: =IF(Таблицаx_2[[#This Row],[Месяц окончания]]=Таблицаx_2[[#This Row],[Месяц]],Таблицаx_2[[#This Row],[Значения числа]],0) -> 65020 | J92: =IF(AND(Таблицаx_2[[#This Row],[Месяц окончания]]=Таблицаx_2[[#This Row],[Месяц]],Таблицаx_2[[#This Row],[id]]=A93,EDATE(Таблицаx_2[[#This Row],[Месяц]],1)=D93),F93,0) -> 0 | K92: =IF(AND(Таблицаx_2[[#This Row],[Месяц окончания]]=Таблицаx_2[[#This Row],[Месяц]],Таблицаx_2[[#This Row],[id]]=A93,EDATE(Таблицаx_2[[#This Row],[Месяц]],2)=D93),F93,0) -> 0
A93: 709 | C93: Иванова Мария Сергеевна | D93: 44866 | E93: 13885 | F93: =IF(ISTEXT(Таблицаx_2[[#This Row],[Значение]]), 0, Таблицаx_2[[#This Row],[Значение]]) -> 13885 | G93: 44896 | H93: =IFERROR(VLOOKUP(Таблицаx_2[[#This Row],[id]],prolongations!A:C,2,)," ") -> декабрь 2022 | I93: =IF(Таблицаx_2[[#This Row],[Месяц окончания]]=Таблицаx_2[[#This Row],[Месяц]],Таблицаx_2[[#This Row],[Значения числа]],0) -> 0 | J93: =IF(AND(Таблицаx_2[[#This Row],[Месяц окончания]]=Таблицаx_2[[#This Row],[Месяц]],Таблицаx_2[[#This Row],[id]]=A94,EDATE(Таблицаx_2[[#This Row],[Месяц]],1)=D94),F94,0) -> 0 | K93: =IF(AND(Таблицаx_2[[#This Row],[Месяц окончания]]=Таблицаx_2[[#This Row],[Месяц]],Таблицаx_2[[#This Row],[id]]=A94,EDATE(Таблицаx_2[[#This Row],[Месяц]],2)=D94),F94,0) -> 0
A94: 709 | C94: Иванова Мария Сергеевна | D94: 44896 | E94: 20450 | F94: =IF(ISTEXT(Таблицаx_2[[#This Row],[Значение]]), 0, Таблицаx_2[[#This Row],[Значение]]) -> 20450 | G94: 44896 | H94: =IFERROR(VLOOKUP(Таблицаx_2[[#This Row],[id]],prolongations!A:C,2,)," ") -> декабрь 2022 | I94: =IF(Таблицаx_2[[#This Row],[Месяц окончания]]=Таблицаx_2[[#This Row],[Месяц]],Таблицаx_2[[#This Row],[Значения числа]],0) -> 20450 | J94: =IF(AND(Таблицаx_2[[#This Row],[Месяц окончания]]=Таблицаx_2[[#This Row],[Месяц]],Таблицаx_2[[#This Row],[id]]=A95,EDATE(Таблицаx_2[[#This Row],[Месяц]],1)=D95),F95,0) -> 0 | K94: =IF(AND(Таблицаx_2[[#This Row],[Месяц окончания]]=Таблицаx_2[[#This Row],[Месяц]],Таблицаx_2[[#This Row],[id]]=A95,EDATE(Таблицаx_2[[#This Row],[Месяц]],2)=D95),F95,0) -> 0
A95: 581 | B95: первая часть оплаты | C95: Иванова Мария Сергеевна | D95: 44866 | E95: 66280 | F95: =IF(ISTEXT(Таблицаx_2[[#This Row],[Значение]]), 0, Таблицаx_2[[#This Row],[Значение]]) -> 66280 | G95: 44896 | H95: =IFERROR(VLOOKUP(Таблицаx_2[[#This Row],[id]],prolongations!A:C,2,)," ") -> декабрь 2022 | I95: =IF(Таблицаx_2[[#This Row],[Месяц окончания]]=Таблицаx_2[[#This Row],[Месяц]],Таблицаx_2[[#This Row],[Значения числа]],0) -> 0 | J95: =IF(AND(Таблицаx_2[[#This Row],[Месяц окончания]]=Таблицаx_2[[#This Row],[Месяц]],Таблицаx_2[[#This Row],[id]]=A96,EDATE(Таблицаx_2[[#This Row],[Месяц]],1)=D96),F96,0) -> 0 | K95: =IF(AND(Таблицаx_2[[#This Row],[Месяц окончания]]=Таблицаx_2[[#This Row],[Месяц]],Таблицаx_2[[#This Row],[id]]=A96,EDATE(Таблицаx_2[[#This Row],[Месяц]],2)=D96),F96,0) -> 0
A96: 581 | B96: первая часть оплаты | C96: Иванова Мария Сергеевна | D96: 44896 | E96: 66280 | F96: =IF(ISTEXT(Таблицаx_2[[#This Row],[Значение]]), 0, Таблицаx_2[[#This Row],[Значение]]) -> 66280 | G96: 44896 | H96: =IFERROR(VLOOKUP(Таблицаx_2[[#This Row],[id]],prolongations!A:C,2,)," ") -> декабрь 2022 | I96: =IF(Таблицаx_2[[#This Row],[Месяц окончания]]=Таблицаx_2[[#This Row],[Месяц]],Таблицаx_2[[#This Row],[Значения числа]],0) -> 66280 | J96: =IF(AND(Таблицаx_2[[#This Row],[Месяц окончания]]=Таблицаx_2[[#This Row],[Месяц]],Таблицаx_2[[#This Row],[id]]=A97,EDATE(Таблицаx_2[[#This Row],[Месяц]],1)=D97),F97,0) -> 0 | K96: =IF(AND(Таблицаx_2[[#This Row],[Месяц окончания]]=Таблицаx_2[[#This Row],[Месяц]],Таблицаx_2[[#This Row],[id]]=A97,EDATE(Таблицаx_2[[#This Row],[Месяц]],2)=D97),F97,0) -> 0
A97: 581 | B97: вторая часть оплаты | C97: Иванова Мария Сергеевна | D97: 44866 | E97: 85000 | F97: =IF(ISTEXT(Таблицаx_2[[#This Row],[Значение]]), 0, Таблицаx_2[[#This Row],[Значение]]) -> 85000 | G97: 44896 | H97: =IFERROR(VLOOKUP(Таблицаx_2[[#This Row],[id]],prolongations!A:C,2,)," ") -> декабрь 2022 | I97: =IF(Таблицаx_2[[#This Row],[Месяц окончания]]=Таблицаx_2[[#This Row],[Месяц]],Таблицаx_2[[#This Row],[Значения числа]],0) -> 0 | J97: =IF(AND(Таблицаx_2[[#This Row],[Месяц окончания]]=Таблицаx_2[[#This Row],[Месяц]],Таблицаx_2[[#This Row],[id]]=A98,EDATE(Таблицаx_2[[#This Row],[Месяц]],1)=D98),F98,0) -> 0 | K97: =IF(AND(Таблицаx_2[[#This Row],[Месяц окончания]]=Таблицаx_2[[#This Row],[Месяц]],Таблицаx_2[[#This Row],[id]]=A98,EDATE(Таблицаx_2[[#This Row],[Месяц]],2)=D98),F98,0) -> 0
A98: 581 | B98: вторая часть оплаты | C98: Иванова Мария Сергеевна | D98: 44896 | E98: 85000 | F98: =IF(ISTEXT(Таблицаx_2[[#This Row],[Значение]]), 0, Таблицаx_2[[#This Row],[Значение]]) -> 85000 | G98: 44896 | H98: =IFERROR(VLOOKUP(Таблицаx_2[[#This Row],[id]],prolongations!A:C,2,)," ") -> декабрь 2022 | I98: =IF(Таблицаx_2[[#This Row],[Месяц окончания]]=Таблицаx_2[[#This Row],[Месяц]],Таблицаx_2[[#This Row],[Значения числа]],0) -> 85000 | J98: =IF(AND(Таблицаx_2[[#This Row],[Месяц окончания]]=Таблицаx_2[[#This Row],[Месяц]],Таблицаx_2[[#This Row],[id]]=A99,EDATE(Таблицаx_2[[#This Row],[Месяц]],1)=D99),F99,0) -> 0 | K98: =IF(AND(Таблицаx_2[[#This Row],[Месяц окончания]]=Таблицаx_2[[#This Row],[Месяц]],Таблицаx_2[[#This Row],[id]]=A99,EDATE(Таблицаx_2[[#This Row],[Месяц]],2)=D99),F99,0) -> 0
A99: 623 | C99: Иванова Мария Сергеевна | D99: 44866 | E99: 152155 | F99: =IF(ISTEXT(Таблицаx_2[[#This Row],[Значение]]), 0, Таблицаx_2[[#This Row],[Значение]]) -> 152155 | G99: 44896 | H99: =IFERROR(VLOOKUP(Таблицаx_2[[#This Row],[id]],prolongations!A:C,2,)," ") -> декабрь 2022 | I99: =IF(Таблицаx_2[[#This Row],[Месяц окончания]]=Таблицаx_2[[#This Row],[Месяц]],Таблицаx_2[[#This Row],[Значения числа]],0) -> 0 | J99: =IF(AND(Таблицаx_2[[#This Row],[Месяц окончания]]=Таблицаx_2[[#This Row],[Месяц]],Таблицаx_2[[#This Row],[id]]=A100,EDATE(Таблицаx_2[[#This Row],[Месяц]],1)=D100),F100,0) -> 0 | K99: =IF(AND(Таблицаx_2[[#This Row],[Месяц окончания]]=Таблицаx_2[[#This Row],[Месяц]],Таблицаx_2[[#This Row],[id]]=A100,EDATE(Таблицаx_2[[#This Row],[Месяц]],2)=D100),F100,0) -> 0
A100: 623 | C100: Иванова Мария Сергеевна | D100: 44896 | E100: 149765 | F100: =IF(ISTEXT(Таблицаx_2[[#This Row],[Значение]]), 0, Таблицаx_2[[#This Row],[Значение]]) -> 149765 | G100: 44896 | H100: =IFERROR(VLOOKUP(Таблицаx_2[[#This Row],[id]],prolongations!A:C,2,)," ") -> декабрь 2022 | I100: =IF(Таблицаx_2[[#This Row],[Месяц окончания]]=Таблицаx_2[[#This Row],[Месяц]],Таблицаx_2[[#This Row],[Значения числа]],0) -> 149765 | J100: =IF(AND(Таблицаx_2[[#This Row],[Месяц окончания]]=Таблицаx_2[[#This Row],[Месяц]],Таблицаx_2[[#This Row],[id]]=A101,EDATE(Таблицаx_2[[#This Row],[Месяц]],1)=D101),F101,0) -> 0 | K100: =IF(AND(Таблицаx_2[[#This Row],[Месяц окончания]]=Таблицаx_2[[#This Row],[Месяц]],Таблицаx_2[[#This Row],[id]]=A101,EDATE(Таблицаx_2[[#This Row],[Месяц]],2)=D101),F101,0) -> 0
A101: 705 | B101: первая часть оплаты | C101: Смирнова Ольга Владимировна | D101: 44866 | E101: 33960 | F101: =IF(ISTEXT(Таблицаx_2[[#This Row],[Значение]]), 0, Таблицаx_2[[#This Row],[Значение]]) -> 33960 | G101: 44896 | H101: =IFERROR(VLOOKUP(Таблицаx_2[[#This Row],[id]],prolongations!A:C,2,)," ") -> декабрь 2022 | I101: =IF(Таблицаx_2[[#This Row],[Месяц окончания]]=Таблицаx_2[[#This Row],[Месяц]],Таблицаx_2[[#This Row],[Значения числа]],0) -> 0 | J101: =IF(AND(Таблицаx_2[[#This Row],[Месяц окончания]]=Таблицаx_2[[#This Row],[Месяц]],Таблицаx_2[[#This Row],[id]]=A102,EDATE(Таблицаx_2[[#This Row],[Месяц]],1)=D102),F102,0) -> 0 | K101: =IF(AND(Таблицаx_2[[#This Row],[Месяц окончания]]=Таблицаx_2[[#This Row],[Месяц]],Таблицаx_2[[#This Row],[id]]=A102,EDATE(Таблицаx_2[[#This Row],[Месяц]],2)=D102),F102,0) -> 0
A102: 705 | B102: первая часть оплаты | C102: Смирнова Ольга Владимировна | D102: 44896 | E102: 31965 | F102: =IF(ISTEXT(Таблицаx_2[[#This Row],[Значение]]), 0, Таблицаx_2[[#This Row],[Значение]]) -> 31965 | G102: 44896 | H102: =IFERROR(VLOOKUP(Таблицаx_2[[#This Row],[id]],prolongations!A:C,2,)," ") -> декабрь 2022 | I102: =IF(Таблицаx_2[[#This Row],[Месяц окончания]]=Таблицаx_2[[#This Row],[Месяц]],Таблицаx_2[[#This Row],[Значения числа]],0) -> 31965 | J102: =IF(AND(Таблицаx_2[[#This Row],[Месяц окончания]]=Таблицаx_2[[#This Row],[Месяц]],Таблицаx_2[[#This Row],[id]]=A103,EDATE(Таблицаx_2[[#This Row],[Месяц]],1)=D103),F103,0) -> 0 | K102: =IF(AND(Таблицаx_2[[#This Row],[Месяц окончания]]=Таблицаx_2[[#This Row],[Месяц]],Таблицаx_2[[#This Row],[id]]=A103,EDATE(Таблицаx_2[[#This Row],[Месяц]],2)=D103),F103,0) -> 0
A103: 705 | B103: вторая часть оплаты | C103: Смирнова Ольга Владимировна | D103: 44896 | E103: 2110 | F103: =IF(ISTEXT(Таблицаx_2[[#This Row],[Значение]]), 0, Таблицаx_2[[#This Row],[Значение]]) -> 2110 | G103: 44896 | H103: =IFERROR(VLOOKUP(Таблицаx_2[[#This Row],[id]],prolongations!A:C,2,)," ") -> декабрь 2022 | I103: =IF(Таблицаx_2[[#This Row],[Месяц окончания]]=Таблицаx_2[[#This Row],[Месяц]],Таблицаx_2[[#This Row],[Значения числа]],0) -> 2110 | J103: =IF(AND(Таблицаx_2[[#This Row],[Месяц окончания]]=Таблицаx_2[[#This Row],[Месяц]],Таблицаx_2[[#This Row],[id]]=A104,EDATE(Таблицаx_2[[#This Row],[Месяц]],1)=D104),F104,0) -> 0 | K103: =IF(AND(Таблицаx_2[[#This Row],[Месяц окончания]]=Таблицаx_2[[#This Row],[Месяц]],Таблицаx_2[[#This Row],[id]]=A104,EDATE(Таблицаx_2[[#This Row],[Месяц]],2)=D104),F104,0) -> 0
A104: 705 | B104: вторая часть оплаты | C104: Смирнова Ольга Владимировна | D104: 44866 | E104: в ноль | F104: =IF(ISTEXT(Таблицаx_2[[#This Row],[Значение]]), 0, Таблицаx_2[[#This Row],[Значение]]) -> 0 | G104: 44896 | H104: =IFERROR(VLOOKUP(Таблицаx_2[[#This Row],[id]],prolongations!A:C,2,)," ") -> декабрь 2022 | I104: =IF(Таблицаx_2[[#This Row],[Месяц окончания]]=Таблицаx_2[[#This Row],[Месяц]],Таблицаx_2[[#This Row],[Значения числа]],0) -> 0 | J104: =IF(AND(Таблицаx_2[[#This Row],[Месяц окончания]]=Таблицаx_2[[#This Row],[Месяц]],Таблицаx_2[[#This Row],[id]]=A105,EDATE(Таблицаx_2[[#This Row],[Месяц]],1)=D105),F105,0) -> 0 | K104: =IF(AND(Таблицаx_2[[#This Row],[Месяц окончания]]=Таблицаx_2[[#This Row],[Месяц]],Таблицаx_2[[#This Row],[id]]=A105,EDATE(Таблицаx_2[[#This Row],[Месяц]],2)=D105),F105,0) -> 0
...

Sheet Весь отдел
A1: Месяц | B1: Пролонгация в первый месяц | E1: Пролонгация во второй месяц
B2: к пролонгации | C2: пролонгировано | D2: Коэффицент | E2: к пролонгации | F2: пролонгировано | G2: Коэффицент
A3: 44866
A4: 44896
A5: 44927 | B5: =IFERROR(SUMIF('financial data unpivot'!G:G,A4,'financial data unpivot'!I:I),0) -> 5986766.9 | C5: =IFERROR(SUMIF('financial data unpivot'!G:G,A4,'financial data unpivot'!J:J),0) -> 2585586.6 | D5: =IFERROR(C5/B5,0) -> 0.43188363 | E5: =IFERROR(SUMIF('financial data unpivot'!G:G,A3,'financial data unpivot'!I:I),0) -> 1898979 | F5: =IFERROR(SUMIF('financial data unpivot'!G:G,A3,'financial data unpivot'!K:K),0) -> 73380 | G5: =IFERROR(F5/E5,0) -> 0.038641818
A6: 44958 | B6: =IFERROR(SUMIF('financial data unpivot'!G:G,A5,'financial data unpivot'!I:I),0) -> 752795.5 | C6: =IFERROR(SUMIF('financial data unpivot'!G:G,A5,'financial data unpivot'!J:J),0) -> 137155 | D6: =IFERROR(C6/B6,0) -> 0.18219423 | E6: =IFERROR(SUMIF('financial data unpivot'!G:G,A4,'financial data unpivot'!I:I),0) -> 5986766.9 | F6: =IFERROR(SUMIF('financial data unpivot'!G:G,A4,'financial data unpivot'!K:K),0) -> 262620 | G6: =IFERROR(F6/E6,0) -> 0.043866749
A7: 44986 | B7: =IFERROR(SUMIF('financial data unpivot'!G:G,A6,'financial data unpivot'!I:I),0) -> 1114126 | C7: =IFERROR(SUMIF('financial data unpivot'!G:G,A6,'financial data unpivot'!J:J),0) -> 740747.65 | D7: =IFERROR(C7/B7,0) -> 0.66486882 | E7: =IFERROR(SUMIF('financial data unpivot'!G:G,A5,'financial data unpivot'!I:I),0) -> 752795.5 | F7: =IFERROR(SUMIF('financial data unpivot'!G:G,A5,'financial data unpivot'!K:K),0) -> 122999.08 | G7: =IFERROR(F7/E7,0) -> 0.16338977
A8: 45017 | B8: =IFERROR(SUMIF('financial data unpivot'!G:G,A7,'financial data unpivot'!I:I),0) -> 2147978 | C8: =IFERROR(SUMIF('financial data unpivot'!G:G,A7,'financial data unpivot'!J:J),0) -> 876170.35 | D8: =IFERROR(C8/B8,0) -> 0.40790471 | E8: =IFERROR(SUMIF('financial data unpivot'!G:G,A6,'financial data unpivot'!I:I),0) -> 1114126 | F8: =IFERROR(SUMIF('financial data unpivot'!G:G,A6,'financial data unpivot'!K:K),0) -> 17740 | G8: =IFERROR(F8/E8,0) -> 0.015922795
A9: 45047 | B9: =IFERROR(SUMIF('financial data unpivot'!G:G,A8,'financial data unpivot'!I:I),0) -> 1512668.5 | C9: =IFERROR(SUMIF('financial data unpivot'!G:G,A8,'financial data unpivot'!J:J),0) -> 619404.75 | D9: =IFERROR(C9/B9,0) -> 0.40947818 | E9: =IFERROR(SUMIF('financial data unpivot'!G:G,A7,'financial data unpivot'!I:I),0) -> 2147978 | F9: =IFERROR(SUMIF('financial data unpivot'!G:G,A7,'financial data unpivot'!K:K),0) -> 0 | G9: =IFERROR(F9/E9,0) -> 0
A10: 45078 | B10: =IFERROR(SUMIF('financial data unpivot'!G:G,A9,'financial data unpivot'!I:I),0) -> 1025588.5 | C10: =IFERROR(SUMIF('financial data unpivot'!G:G,A9,'financial data unpivot'!J:J),0) -> 104768 | D10: =IFERROR(C10/B10,0) -> 0.10215403 | E10: =IFERROR(SUMIF('financial data unpivot'!G:G,A8,'financial data unpivot'!I:I),0) -> 1512668.5 | F10: =IFERROR(SUMIF('financial data unpivot'!G:G,A8,'financial data unpivot'!K:K),0) -> 38632.5 | G10: =IFERROR(F10/E10,0) -> 0.025539304
A11: 45108 | B11: =IFERROR(SUMIF('financial data unpivot'!G:G,A10,'financial data unpivot'!I:I),0) -> 1153571.1 | C11: =IFERROR(SUMIF('financial data unpivot'!G:G,A10,'financial data unpivot'!J:J),0) -> 301260 | D11: =IFERROR(C11/B11,0) -> 0.26115425 | E11: =IFERROR(SUMIF('financial data unpivot'!G:G,A9,'financial data unpivot'!I:I),0) -> 1025588.5 | F11: =IFERROR(SUMIF('financial data unpivot'!G:G,A9,'financial data unpivot'!K:K),0) -> 94885 | G11: =IFERROR(F11/E11,0) -> 0.09251761
A12: 45139 | B12: =IFERROR(SUMIF('financial data unpivot'!G:G,A11,'financial data unpivot'!I:I),0) -> 1222393.3 | C12: =IFERROR(SUMIF('financial data unpivot'!G:G,A11,'financial data unpivot'!J:J),0) -> 424548.88 | D12: =IFERROR(C12/B12,0) -> 0.34730955 | E12: =IFERROR(SUMIF('financial data unpivot'!G:G,A10,'financial data unpivot'!I:I),0) -> 1153571.1 | F12: =IFERROR(SUMIF('financial data unpivot'!G:G,A10,'financial data unpivot'!K:K),0) -> 0 | G12: =IFERROR(F12/E12,0) -> 0
A13: 45170 | B13: =IFERROR(SUMIF('financial data unpivot'!G:G,A12,'financial data unpivot'!I:I),0) -> 2115914 | C13: =IFERROR(SUMIF('financial data unpivot'!G:G,A12,'financial data unpivot'!J:J),0) -> 927545.42 | D13: =IFERROR(C13/B13,0) -> 0.43836631 | E13: =IFERROR(SUMIF('financial data unpivot'!G:G,A11,'financial data unpivot'!I:I),0) -> 1222393.3 | F13: =IFERROR(SUMIF('financial data unpivot'!G:G,A11,'financial data unpivot'!K:K),0) -> 0 | G13: =IFERROR(F13/E13,0) -> 0
A14: 45200 | B14: =IFERROR(SUMIF('financial data unpivot'!G:G,A13,'financial data unpivot'!I:I),0) -> 1663092.6 | C14: =IFERROR(SUMIF('financial data unpivot'!G:G,A13,'financial data unpivot'!J:J),0) -> 1433344.6 | D14: =IFERROR(C14/B14,0) -> 0.86185494 | E14: =IFERROR(SUMIF('financial data unpivot'!G:G,A12,'financial data unpivot'!I:I),0) -> 2115914 | F14: =IFERROR(SUMIF('financial data unpivot'!G:G,A12,'financial data unpivot'!K:K),0) -> 82020 | G14: =IFERROR(F14/E14,0) -> 0.03876339
A15: 45231 | B15: =IFERROR(SUMIF('financial data unpivot'!G:G,A14,'financial data unpivot'!I:I),0) -> 1075210 | C15: =IFERROR(SUMIF('financial data unpivot'!G:G,A14,'financial data unpivot'!J:J),0) -> 719019 | D15: =IFERROR(C15/B15,0) -> 0.66872427 | E15: =IFERROR(SUMIF('financial data unpivot'!G:G,A13,'financial data unpivot'!I:I),0) -> 1663092.6 | F15: =IFERROR(SUMIF('financial data unpivot'!G:G,A13,'financial data unpivot'!K:K),0) -> 0 | G15: =IFERROR(F15/E15,0) -> 0
A16: 45261 | B16: =IFERROR(SUMIF('financial data unpivot'!G:G,A15,'financial data unpivot'!I:I),0) -> 1119808.1 | C16: =IFERROR(SUMIF('financial data unpivot'!G:G,A15,'financial data unpivot'!J:J),0) -> 227292.52 | D16: =IFERROR(C16/B16,0) -> 0.20297453 | E16: =IFERROR(SUMIF('financial data unpivot'!G:G,A14,'financial data unpivot'!I:I),0) -> 1075210 | F16: =IFERROR(SUMIF('financial data unpivot'!G:G,A14,'financial data unpivot'!K:K),0) -> 155640 | G16: =IFERROR(F16/E16,0) -> 0.14475312

Sheet Менеджер за год
A1: Менеджер | B1: Пролонгация в первый месяц | E1: Пролонгация во второй месяц
B2: к пролонгации | C2: пролонгировано | D2: Коэффицент | E2: к пролонгации | F2: пролонгировано | G2: Коэффицент
A3: Васильев Артем Александрович | B3: =IFERROR(SUMIF('financial data unpivot'!C:C,'Менеджер за год'!A3,'financial data unpivot'!I:I),0) -> 8380223.4 | C3: =IFERROR(SUMIF('financial data unpivot'!C:C,'Менеджер за год'!A3,'financial data unpivot'!J:J),0) -> 3781646.5 | D3: =IFERROR(C3/B3,0) -> 0.45125844 | E3: =IFERROR(SUMIF('financial data unpivot'!C:C,'Менеджер за год'!A3,'financial data unpivot'!I:I),0) -> 8380223.4 | F3: =IFERROR(SUMIF('financial data unpivot'!C:C,'Менеджер за год'!A3,'financial data unpivot'!K:K),0) -> 335835 | G3: =IFERROR(F3/E3,0) -> 0.040074707
A4: Михайлов Андрей Сергеевич | B4: =IFERROR(SUMIF('financial data unpivot'!C:C,'Менеджер за год'!A4,'financial data unpivot'!I:I),0) -> 1645180.2 | C4: =IFERROR(SUMIF('financial data unpivot'!C:C,'Менеджер за год'!A4,'financial data unpivot'!J:J),0) -> 1215589.8 | D4: =IFERROR(C4/B4,0) -> 0.7388794 | E4: =IFERROR(SUMIF('financial data unpivot'!C:C,'Менеджер за год'!A4,'financial data unpivot'!I:I),0) -> 1645180.2 | F4: =IFERROR(SUMIF('financial data unpivot'!C:C,'Менеджер за год'!A4,'financial data unpivot'!K:K),0) -> 0 | G4: =IFERROR(F4/E4,0) -> 0
A5: Соколова Анастасия Викторовна | B5: =IFERROR(SUMIF('financial data unpivot'!C:C,'Менеджер за год'!A5,'financial data unpivot'!I:I),0) -> 4523555 | C5: =IFERROR(SUMIF('financial data unpivot'!C:C,'Менеджер за год'!A5,'financial data unpivot'!J:J),0) -> 1908950.4 | D5: =IFERROR(C5/B5,0) -> 0.42200226 | E5: =IFERROR(SUMIF('financial data unpivot'!C:C,'Менеджер за год'!A5,'financial data unpivot'!I:I),0) -> 4523555 | F5: =IFERROR(SUMIF('financial data unpivot'!C:C,'Менеджер за год'!A5,'financial data unpivot'!K:K),0) -> 46995 | G5: =IFERROR(F5/E5,0) -> 0.010388953
A6: Иванова Мария Сергеевна | B6: =IFERROR(SUMIF('financial data unpivot'!C:C,'Менеджер за год'!A6,'financial data unpivot'!I:I),0) -> 3427787.9 | C6: =IFERROR(SUMIF('financial data unpivot'!C:C,'Менеджер за год'!A6,'financial data unpivot'!J:J),0) -> 579854.3 | D6: =IFERROR(C6/B6,0) -> 0.16916283 | E6: =IFERROR(SUMIF('financial data unpivot'!C:C,'Менеджер за год'!A6,'financial data unpivot'!I:I),0) -> 3427787.9 | F6: =IFERROR(SUMIF('financial data unpivot'!C:C,'Менеджер за год'!A6,'financial data unpivot'!K:K),0) -> 112012.5 | G6: =IFERROR(F6/E6,0) -> 0.03267778
A7: Попова Екатерина Николаевна | B7: =IFERROR(SUMIF('financial data unpivot'!C:C,'Менеджер за год'!A7,'financial data unpivot'!I:I),0) -> 3973343.7 | C7: =IFERROR(SUMIF('financial data unpivot'!C:C,'Менеджер за год'!A7,'financial data unpivot'!J:J),0) -> 1830067.3 | D7: =IFERROR(C7/B7,0) -> 0.46058621 | E7: =IFERROR(SUMIF('financial data unpivot'!C:C,'Менеджер за год'!A7,'financial data unpivot'!I:I),0) -> 3973343.7 | F7: =IFERROR(SUMIF('financial data unpivot'!C:C,'Менеджер за год'!A7,'financial data unpivot'!K:K),0) -> 85400 | G7: =IFERROR(F7/E7,0) -> 0.021493233
A8: Смирнова Ольга Владимировна | B8: =IFERROR(SUMIF('financial data unpivot'!C:C,'Менеджер за год'!A8,'financial data unpivot'!I:I),0) -> 3454191.6 | C8: =IFERROR(SUMIF('financial data unpivot'!C:C,'Менеджер за год'!A8,'financial data unpivot'!J:J),0) -> 2139438.2 | D8: =IFERROR(C8/B8,0) -> 0.61937449 | E8: =IFERROR(SUMIF('financial data unpivot'!C:C,'Менеджер за год'!A8,'financial data unpivot'!I:I),0) -> 3454191.6 | F8: =IFERROR(SUMIF('financial data unpivot'!C:C,'Менеджер за год'!A8,'financial data unpivot'!K:K),0) -> 329160 | G8: =IFERROR(F8/E8,0) -> 0.095292918
A9: Кузнецов Михаил Иванович | B9: =IFERROR(SUMIF('financial data unpivot'!C:C,'Менеджер за год'!A9,'financial data unpivot'!I:I),0) -> 1307609.5 | C9: =IFERROR(SUMIF('financial data unpivot'!C:C,'Менеджер за год'!A9,'financial data unpivot'!J:J),0) -> 541800.55 | D9: =IFERROR(C9/B9,0) -> 0.41434432 | E9: =IFERROR(SUMIF('financial data unpivot'!C:C,'Менеджер за год'!A9,'financial data unpivot'!I:I),0) -> 1307609.5 | F9: =IFERROR(SUMIF('financial data unpivot'!C:C,'Менеджер за год'!A9,'financial data unpivot'!K:K),0) -> 117124.08 | G9: =IFERROR(F9/E9,0) -> 0.089571148
A10: Петрова Анна Дмитриевна | B10: =IFERROR(SUMIF('financial data unpivot'!C:C,'Менеджер за год'!A10,'financial data unpivot'!I:I),0) -> 98492 | C10: =IFERROR(SUMIF('financial data unpivot'!C:C,'Менеджер за год'!A10,'financial data unpivot'!J:J),0) -> 109442.52 | D10: =IFERROR(C10/B10,0) -> 1.1111818 | E10: =IFERROR(SUMIF('financial data unpivot'!C:C,'Менеджер за год'!A10,'financial data unpivot'!I:I),0) -> 98492 | F10: =IFERROR(SUMIF('financial data unpivot'!C:C,'Менеджер за год'!A10,'financial data unpivot'!K:K),0) -> 0 | G10: =IFERROR(F10/E10,0) -> 0
A11: Федорова Марина Васильевна | B11: =IFERROR(SUMIF('financial data unpivot'!C:C,'Менеджер за год'!A11,'financial data unpivot'!I:I),0) -> 128250 | C11: =IFERROR(SUMIF('financial data unpivot'!C:C,'Менеджер за год'!A11,'financial data unpivot'!J:J),0) -> 73050 | D11: =IFERROR(C11/B11,0) -> 0.56959064 | E11: =IFERROR(SUMIF('financial data unpivot'!C:C,'Менеджер за год'!A11,'financial data unpivot'!I:I),0) -> 128250 | F11: =IFERROR(SUMIF('financial data unpivot'!C:C,'Менеджер за год'!A11,'financial data unpivot'!K:K),0) -> 0 | G11: =IFERROR(F11/E11,0) -> 0
A12: без А/М | B12: =IFERROR(SUMIF('financial data unpivot'!C:C,'Менеджер за год'!A12,'financial data unpivot'!I:I),0) -> 0 | C12: =IFERROR(SUMIF('financial data unpivot'!C:C,'Менеджер за год'!A12,'financial data unpivot'!J:J),0) -> 0 | D12: =IFERROR(C12/B12,0) -> 0 | E12: =IFERROR(SUMIF('financial data unpivot'!C:C,'Менеджер за год'!A12,'financial data unpivot'!I:I),0) -> 0 | F12: =IFERROR(SUMIF('financial data unpivot'!C:C,'Менеджер за год'!A12,'financial data unpivot'!K:K),0) -> 0 | G12: =IFERROR(F12/E12,0) -> 0

Sheet Менеджеры по месяцам
A1: Коэффицент 1
A2: Менеджер | B2: Месяц
B3: 44866 | C3: 44896 | D3: 44927 | E3: 44958 | F3: 44986 | G3: 45017 | H3: 45047 | I3: 45078 | J3: 45108 | K3: 45139 | L3: 45170 | M3: 45200 | N3: 45231 | O3: 45261
A4: Васильев Артем Александрович | D4: =IFERROR(SUMIFS('financial data unpivot'!$J:$J,'financial data unpivot'!$C:$C,'Менеджеры по месяцам'!$A4,'financial data unpivot'!$G:$G,'Менеджеры по месяцам'!C$3)/SUMIFS('financial data unpivot'!$I:$I,'financial data unpivot'!$C:$C,'Менеджеры по месяцам'!$A4,'financial data unpivot'!$G:$G,'Менеджеры по месяцам'!C$3),0) -> 0.59070739 | E4: =IFERROR(SUMIFS('financial data unpivot'!$J:$J,'financial data unpivot'!$C:$C,'Менеджеры по месяцам'!$A4,'financial data unpivot'!$G:$G,'Менеджеры по месяцам'!D$3)/SUMIFS('financial data unpivot'!$I:$I,'financial data unpivot'!$C:$C,'Менеджеры по месяцам'!$A4,'financial data unpivot'!$G:$G,'Менеджеры по месяцам'!D$3),0) -> 0 | F4: =IFERROR(SUMIFS('financial data unpivot'!$J:$J,'financial data unpivot'!$C:$C,'Менеджеры по месяцам'!$A4,'financial data unpivot'!$G:$G,'Менеджеры по месяцам'!E$3)/SUMIFS('financial data unpivot'!$I:$I,'financial data unpivot'!$C:$C,'Менеджеры по месяцам'!$A4,'financial data unpivot'!$G:$G,'Менеджеры по месяцам'!E$3),0) -> 0.54461463 | G4: =IFERROR(SUMIFS('financial data unpivot'!$J:$J,'financial data unpivot'!$C:$C,'Менеджеры по месяцам'!$A4,'financial data unpivot'!$G:$G,'Менеджеры по месяцам'!F$3)/SUMIFS('financial data unpivot'!$I:$I,'financial data unpivot'!$C:$C,'Менеджеры по месяцам'!$A4,'financial data unpivot'!$G:$G,'Менеджеры по месяцам'!F$3),0) -> 0.49563586 | H4: =IFERROR(SUMIFS('financial data unpivot'!$J:$J,'financial data unpivot'!$C:$C,'Менеджеры по месяцам'!$A4,'financial data unpivot'!$G:$G,'Менеджеры по месяцам'!G$3)/SUMIFS('financial data unpivot'!$I:$I,'financial data unpivot'!$C:$C,'Менеджеры по месяцам'!$A4,'financial data unpivot'!$G:$G,'Менеджеры по месяцам'!G$3),0) -> 0 | I4: =IFERROR(SUMIFS('financial data unpivot'!$J:$J,'financial data unpivot'!$C:$C,'Менеджеры по месяцам'!$A4,'financial data unpivot'!$G:$G,'Менеджеры по месяцам'!H$3)/SUMIFS('financial data unpivot'!$I:$I,'financial data unpivot'!$C:$C,'Менеджеры по месяцам'!$A4,'financial data unpivot'!$G:$G,'Менеджеры по месяцам'!H$3),0) -> 0 | J4: =IFERROR(SUMIFS('financial data unpivot'!$J:$J,'financial data unpivot'!$C:$C,'Менеджеры по месяцам'!$A4,'financial data unpivot'!$G:$G,'Менеджеры по месяцам'!I$3)/SUMIFS('financial data unpivot'!$I:$I,'financial data unpivot'!$C:$C,'Менеджеры по месяцам'!$A4,'financial data unpivot'!$G:$G,'Менеджеры по месяцам'!I$3),0) -> 0.96969919 | K4: =IFERROR(SUMIFS('financial data unpivot'!$J:$J,'financial data unpivot'!$C:$C,'Менеджеры по месяцам'!$A4,'financial data unpivot'!$G:$G,'Менеджеры по месяцам'!J$3)/SUMIFS('financial data unpivot'!$I:$I,'financial data unpivot'!$C:$C,'Менеджеры по месяцам'!$A4,'financial data unpivot'!$G:$G,'Менеджеры по месяцам'!J$3),0) -> 0.2970297 | ... O4: =IFERROR(SUMIFS('financial data unpivot'!$J:$J,'financial data unpivot'!$C:$C,'Менеджеры по месяцам'!$A4,'financial data unpivot'!$G:$G,'Менеджеры по месяцам'!N$3)/SUMIFS('financial data unpivot'!$I:$I,'financial data unpivot'!$C:$C,'Менеджеры по месяцам'!$A4,'financial data unpivot'!$G:$G,'Менеджеры по месяцам'!N$3),0) -> 0
A5: Михайлов Андрей Сергеевич | D5: =IFERROR(SUMIFS('financial data unpivot'!$J:$J,'financial data unpivot'!$C:$C,'Менеджеры по месяцам'!$A5,'financial data unpivot'!$G:$G,'Менеджеры по месяцам'!C$3)/SUMIFS('financial data unpivot'!$I:$I,'financial data unpivot'!$C:$C,'Менеджеры по месяцам'!$A5,'financial data unpivot'!$G:$G,'Менеджеры по месяцам'!C$3),0) -> 0.36636478 | E5: =IFERROR(SUMIFS('financial data unpivot'!$J:$J,'financial data unpivot'!$C:$C,'Менеджеры по месяцам'!$A5,'financial data unpivot'!$G:$G,'Менеджеры по месяцам'!D$3)/SUMIFS('financial data unpivot'!$I:$I,'financial data unpivot'!$C:$C,'Менеджеры по месяцам'!$A5,'financial data unpivot'!$G:$G,'Менеджеры по месяцам'!D$3),0) -> 0 | F5: =IFERROR(SUMIFS('financial data unpivot'!$J:$J,'financial data unpivot'!$C:$C,'Менеджеры по месяцам'!$A5,'financial data unpivot'!$G:$G,'Менеджеры по месяцам'!E$3)/SUMIFS('financial data unpivot'!$I:$I,'financial data unpivot'!$C:$C,'Менеджеры по месяцам'!$A5,'financial data unpivot'!$G:$G,'Менеджеры по месяцам'!E$3),0) -> 0 | G5: =IFERROR(SUMIFS('financial data unpivot'!$J:$J,'financial data unpivot'!$C:$C,'Менеджеры по месяцам'!$A5,'financial data unpivot'!$G:$G,'Менеджеры по месяцам'!F$3)/SUMIFS('financial data unpivot'!$I:$I,'financial data unpivot'!$C:$C,'Менеджеры по месяцам'!$A5,'financial data unpivot'!$G:$G,'Менеджеры по месяцам'!F$3),0) -> 0 | H5: =IFERROR(SUMIFS('financial data unpivot'!$J:$J,'financial data unpivot'!$C:$C,'Менеджеры по месяцам'!$A5,'financial data unpivot'!$G:$G,'Менеджеры по месяцам'!G$3)/SUMIFS('financial data unpivot'!$I:$I,'financial data unpivot'!$C:$C,'Менеджеры по месяцам'!$A5,'financial data unpivot'!$G:$G,'Менеджеры по месяцам'!G$3),0) -> 1.3308369 | I5: =IFERROR(SUMIFS('financial data unpivot'!$J:$J,'financial data unpivot'!$C:$C,'Менеджеры по месяцам'!$A5,'financial data unpivot'!$G:$G,'Менеджеры по месяцам'!H$3)/SUMIFS('financial data unpivot'!$I:$I,'financial data unpivot'!$C:$C,'Менеджеры по месяцам'!$A5,'financial data unpivot'!$G:$G,'Менеджеры по месяцам'!H$3),0) -> 0 | J5: =IFERROR(SUMIFS('financial data unpivot'!$J:$J,'financial data unpivot'!$C:$C,'Менеджеры по месяцам'!$A5,'financial data unpivot'!$G:$G,'Менеджеры по месяцам'!I$3)/SUMIFS('financial data unpivot'!$I:$I,'financial data unpivot'!$C:$C,'Менеджеры по месяцам'!$A5,'financial data unpivot'!$G:$G,'Менеджеры по месяцам'!I$3),0) -> 1.1975246 | K5: =IFERROR(SUMIFS('financial data unpivot'!$J:$J,'financial data unpivot'!$C:$C,'Менеджеры по месяцам'!$A5,'financial data unpivot'!$G:$G,'Менеджеры по месяцам'!J$3)/SUMIFS('financial data unpivot'!$I:$I,'financial data unpivot'!$C:$C,'Менеджеры по месяцам'!$A5,'financial data unpivot'!$G:$G,'Менеджеры по месяцам'!J$3),0) -> 0 | ... O5: =IFERROR(SUMIFS('financial data unpivot'!$J:$J,'financial data unpivot'!$C:$C,'Менеджеры по месяцам'!$A5,'financial data unpivot'!$G:$G,'Менеджеры по месяцам'!N$3)/SUMIFS('financial data unpivot'!$I:$I,'financial data unpivot'!$C:$C,'Менеджеры по месяцам'!$A5,'financial data unpivot'!$G:$G,'Менеджеры по месяцам'!N$3),0) -> 0
A6: Соколова Анастасия Викторовна | D6: =IFERROR(SUMIFS('financial data unpivot'!$J:$J,'financial data unpivot'!$C:$C,'Менеджеры по месяцам'!$A6,'financial data unpivot'!$G:$G,'Менеджеры по месяцам'!C$3)/SUMIFS('financial data unpivot'!$I:$I,'financial data unpivot'!$C:$C,'Менеджеры по месяцам'!$A6,'financial data unpivot'!$G:$G,'Менеджеры по месяцам'!C$3),0) -> 0.51441028 | E6: =IFERROR(SUMIFS('financial data unpivot'!$J:$J,'financial data unpivot'!$C:$C,'Менеджеры по месяцам'!$A6,'financial data unpivot'!$G:$G,'Менеджеры по месяцам'!D$3)/SUMIFS('financial data unpivot'!$I:$I,'financial data unpivot'!$C:$C,'Менеджеры по месяцам'!$A6,'financial data unpivot'!$G:$G,'Менеджеры по месяцам'!D$3),0) -> 0.35432008 | F6: =IFERROR(SUMIFS('financial data unpivot'!$J:$J,'financial data unpivot'!$C:$C,'Менеджеры по месяцам'!$A6,'financial data unpivot'!$G:$G,'Менеджеры по месяцам'!E$3)/SUMIFS('financial data unpivot'!$I:$I,'financial data unpivot'!$C:$C,'Менеджеры по месяцам'!$A6,'financial data unpivot'!$G:$G,'Менеджеры по месяцам'!E$3),0) -> 1.1961797 | G6: =IFERROR(SUMIFS('financial data unpivot'!$J:$J,'financial data unpivot'!$C:$C,'Менеджеры по месяцам'!$A6,'financial data unpivot'!$G:$G,'Менеджеры по месяцам'!F$3)/SUMIFS('financial data unpivot'!$I:$I,'financial data unpivot'!$C:$C,'Менеджеры по месяцам'!$A6,'financial data unpivot'!$G:$G,'Менеджеры по месяцам'!F$3),0) -> 0.86062179 | H6: =IFERROR(SUMIFS('financial data unpivot'!$J:$J,'financial data unpivot'!$C:$C,'Менеджеры по месяцам'!$A6,'financial data unpivot'!$G:$G,'Менеджеры по месяцам'!G$3)/SUMIFS('financial data unpivot'!$I:$I,'financial data unpivot'!$C:$C,'Менеджеры по месяцам'!$A6,'financial data unpivot'!$G:$G,'Менеджеры по месяцам'!G$3),0) -> 0.096547643 | I6: =IFERROR(SUMIFS('financial data unpivot'!$J:$J,'financial data unpivot'!$C:$C,'Менеджеры по месяцам'!$A6,'financial data unpivot'!$G:$G,'Менеджеры по месяцам'!H$3)/SUMIFS('financial data unpivot'!$I:$I,'financial data unpivot'!$C:$C,'Менеджеры по месяцам'!$A6,'financial data unpivot'!$G:$G,'Менеджеры по месяцам'!H$3),0) -> 0 | J6: =IFERROR(SUMIFS('financial data unpivot'!$J:$J,'financial data unpivot'!$C:$C,'Менеджеры по месяцам'!$A6,'financial data unpivot'!$G:$G,'Менеджеры по месяцам'!I$3)/SUMIFS('financial data unpivot'!$I:$I,'financial data unpivot'!$C:$C,'Менеджеры по месяцам'!$A6,'financial data unpivot'!$G:$G,'Менеджеры по месяцам'!I$3),0) -> 0.10565039 | K6: =IFERROR(SUMIFS('financial data unpivot'!$J:$J,'financial data unpivot'!$C:$C,'Менеджеры по месяцам'!$A6,'financial data unpivot'!$G:$G,'Менеджеры по месяцам'!J$3)/SUMIFS('financial data unpivot'!$I:$I,'financial data unpivot'!$C:$C,'Менеджеры по месяцам'!$A6,'financial data unpivot'!$G:$G,'Менеджеры по месяцам'!J$3),0) -> 0 | ... O6: =IFERROR(SUMIFS('financial data unpivot'!$J:$J,'financial data unpivot'!$C:$C,'Менеджеры по месяцам'!$A6,'financial data unpivot'!$G:$G,'Менеджеры по месяцам'!N$3)/SUMIFS('financial data unpivot'!$I:$I,'financial data unpivot'!$C:$C,'Менеджеры по месяцам'!$A6,'financial data unpivot'!$G:$G,'Менеджеры по месяцам'!N$3),0) -> 0.14701558
A7: Иванова Мария Сергеевна | D7: =IFERROR(SUMIFS('financial data unpivot'!$J:$J,'financial data unpivot'!$C:$C,'Менеджеры по месяцам'!$A7,'financial data unpivot'!$G:$G,'Менеджеры по месяцам'!C$3)/SUMIFS('financial data unpivot'!$I:$I,'financial data unpivot'!$C:$C,'Менеджеры по месяцам'!$A7,'financial data unpivot'!$G:$G,'Менеджеры по месяцам'!C$3),0) -> 0.17610819 | E7: =IFERROR(SUMIFS('financial data unpivot'!$J:$J,'financial data unpivot'!$C:$C,'Менеджеры по месяцам'!$A7,'financial data unpivot'!$G:$G,'Менеджеры по месяцам'!D$3)/SUMIFS('financial data unpivot'!$I:$I,'financial data unpivot'!$C:$C,'Менеджеры по месяцам'!$A7,'financial data unpivot'!$G:$G,'Менеджеры по месяцам'!D$3),0) -> 0 | F7: =IFERROR(SUMIFS('financial data unpivot'!$J:$J,'financial data unpivot'!$C:$C,'Менеджеры по месяцам'!$A7,'financial data unpivot'!$G:$G,'Менеджеры по месяцам'!E$3)/SUMIFS('financial data unpivot'!$I:$I,'financial data unpivot'!$C:$C,'Менеджеры по месяцам'!$A7,'financial data unpivot'!$G:$G,'Менеджеры по месяцам'!E$3),0) -> 0 | G7: =IFERROR(SUMIFS('financial data unpivot'!$J:$J,'financial data unpivot'!$C:$C,'Менеджеры по месяцам'!$A7,'financial data unpivot'!$G:$G,'Менеджеры по месяцам'!F$3)/SUMIFS('financial data unpivot'!$I:$I,'financial data unpivot'!$C:$C,'Менеджеры по месяцам'!$A7,'financial data unpivot'!$G:$G,'Менеджеры по месяцам'!F$3),0) -> 0.12081651 | H7: =IFERROR(SUMIFS('financial data unpivot'!$J:$J,'financial data unpivot'!$C:$C,'Менеджеры по месяцам'!$A7,'financial data unpivot'!$G:$G,'Менеджеры по месяцам'!G$3)/SUMIFS('financial data unpivot'!$I:$I,'financial data unpivot'!$C:$C,'Менеджеры по месяцам'!$A7,'financial data unpivot'!$G:$G,'Менеджеры по месяцам'!G$3),0) -> 0 | I7: =IFERROR(SUMIFS('financial data unpivot'!$J:$J,'financial data unpivot'!$C:$C,'Менеджеры по месяцам'!$A7,'financial data unpivot'!$G:$G,'Менеджеры по месяцам'!H$3)/SUMIFS('financial data unpivot'!$I:$I,'financial data unpivot'!$C:$C,'Менеджеры по месяцам'!$A7,'financial data unpivot'!$G:$G,'Менеджеры по месяцам'!H$3),0) -> 0 | J7: =IFERROR(SUMIFS('financial data unpivot'!$J:$J,'financial data unpivot'!$C:$C,'Менеджеры по месяцам'!$A7,'financial data unpivot'!$G:$G,'Менеджеры по месяцам'!I$3)/SUMIFS('financial data unpivot'!$I:$I,'financial data unpivot'!$C:$C,'Менеджеры по месяцам'!$A7,'financial data unpivot'!$G:$G,'Менеджеры по месяцам'!I$3),0) -> 0 | K7: =IFERROR(SUMIFS('financial data unpivot'!$J:$J,'financial data unpivot'!$C:$C,'Менеджеры по месяцам'!$A7,'financial data unpivot'!$G:$G,'Менеджеры по месяцам'!J$3)/SUMIFS('financial data unpivot'!$I:$I,'financial data unpivot'!$C:$C,'Менеджеры по месяцам'!$A7,'financial data unpivot'!$G:$G,'Менеджеры по месяцам'!J$3),0) -> 0.45119943 | ... O7: =IFERROR(SUMIFS('financial data unpivot'!$J:$J,'financial data unpivot'!$C:$C,'Менеджеры по месяцам'!$A7,'financial data unpivot'!$G:$G,'Менеджеры по месяцам'!N$3)/SUMIFS('financial data unpivot'!$I:$I,'financial data unpivot'!$C:$C,'Менеджеры по месяцам'!$A7,'financial data unpivot'!$G:$G,'Менеджеры по месяцам'!N$3),0) -> 0
A8: Попова Екатерина Николаевна | D8: =IFERROR(SUMIFS('financial data unpivot'!$J:$J,'financial data unpivot'!$C:$C,'Менеджеры по месяцам'!$A8,'financial data unpivot'!$G:$G,'Менеджеры по месяцам'!C$3)/SUMIFS('financial data unpivot'!$I:$I,'financial data unpivot'!$C:$C,'Менеджеры по месяцам'!$A8,'financial data unpivot'!$G:$G,'Менеджеры по месяцам'!C$3),0) -> 0.5466258 | E8: =IFERROR(SUMIFS('financial data unpivot'!$J:$J,'financial data unpivot'!$C:$C,'Менеджеры по месяцам'!$A8,'financial data unpivot'!$G:$G,'Менеджеры по месяцам'!D$3)/SUMIFS('financial data unpivot'!$I:$I,'financial data unpivot'!$C:$C,'Менеджеры по месяцам'!$A8,'financial data unpivot'!$G:$G,'Менеджеры по месяцам'!D$3),0) -> 0 | F8: =IFERROR(SUMIFS('financial data unpivot'!$J:$J,'financial data unpivot'!$C:$C,'Менеджеры по месяцам'!$A8,'financial data unpivot'!$G:$G,'Менеджеры по месяцам'!E$3)/SUMIFS('financial data unpivot'!$I:$I,'financial data unpivot'!$C:$C,'Менеджеры по месяцам'!$A8,'financial data unpivot'!$G:$G,'Менеджеры по месяцам'!E$3),0) -> 0.59039901 | G8: =IFERROR(SUMIFS('financial data unpivot'!$J:$J,'financial data unpivot'!$C:$C,'Менеджеры по месяцам'!$A8,'financial data unpivot'!$G:$G,'Менеджеры по месяцам'!F$3)/SUMIFS('financial data unpivot'!$I:$I,'financial data unpivot'!$C:$C,'Менеджеры по месяцам'!$A8,'financial data unpivot'!$G:$G,'Менеджеры по месяцам'!F$3),0) -> 0.14222153 | H8: =IFERROR(SUMIFS('financial data unpivot'!$J:$J,'financial data unpivot'!$C:$C,'Менеджеры по месяцам'!$A8,'financial data unpivot'!$G:$G,'Менеджеры по месяцам'!G$3)/SUMIFS('financial data unpivot'!$I:$I,'financial data unpivot'!$C:$C,'Менеджеры по месяцам'!$A8,'financial data unpivot'!$G:$G,'Менеджеры по месяцам'!G$3),0) -> 0.57048631 | I8: =IFERROR(SUMIFS('financial data unpivot'!$J:$J,'financial data unpivot'!$C:$C,'Менеджеры по месяцам'!$A8,'financial data unpivot'!$G:$G,'Менеджеры по месяцам'!H$3)/SUMIFS('financial data unpivot'!$I:$I,'financial data unpivot'!$C:$C,'Менеджеры по месяцам'!$A8,'financial data unpivot'!$G:$G,'Менеджеры по месяцам'!H$3),0) -> 0 | J8: =IFERROR(SUMIFS('financial data unpivot'!$J:$J,'financial data unpivot'!$C:$C,'Менеджеры по месяцам'!$A8,'financial data unpivot'!$G:$G,'Менеджеры по месяцам'!I$3)/SUMIFS('financial data unpivot'!$I:$I,'financial data unpivot'!$C:$C,'Менеджеры по месяцам'!$A8,'financial data unpivot'!$G:$G,'Менеджеры по месяцам'!I$3),0) -> 0.096051893 | K8: =IFERROR(SUMIFS('financial data unpivot'!$J:$J,'financial data unpivot'!$C:$C,'Менеджеры по месяцам'!$A8,'financial data unpivot'!$G:$G,'Менеджеры по месяцам'!J$3)/SUMIFS('financial data unpivot'!$I:$I,'financial data unpivot'!$C:$C,'Менеджеры по месяцам'!$A8,'financial data unpivot'!$G:$G,'Менеджеры по месяцам'!J$3),0) -> 0.55476105 | ... O8: =IFERROR(SUMIFS('financial data unpivot'!$J:$J,'financial data unpivot'!$C:$C,'Менеджеры по месяцам'!$A8,'financial data unpivot'!$G:$G,'Менеджеры по месяцам'!N$3)/SUMIFS('financial data unpivot'!$I:$I,'financial data unpivot'!$C:$C,'Менеджеры по месяцам'!$A8,'financial data unpivot'!$G:$G,'Менеджеры по месяцам'!N$3),0) -> 0.60012383
A9: Смирнова Ольга Владимировна | D9: =IFERROR(SUMIFS('financial data unpivot'!$J:$J,'financial data unpivot'!$C:$C,'Менеджеры по месяцам'!$A9,'financial data unpivot'!$G:$G,'Менеджеры по месяцам'!C$3)/SUMIFS('financial data unpivot'!$I:$I,'financial data unpivot'!$C:$C,'Менеджеры по месяцам'!$A9,'financial data unpivot'!$G:$G,'Менеджеры по месяцам'!C$3),0) -> 0.70570353 | E9: =IFERROR(SUMIFS('financial data unpivot'!$J:$J,'financial data unpivot'!$C:$C,'Менеджеры по месяцам'!$A9,'financial data unpivot'!$G:$G,'Менеджеры по месяцам'!D$3)/SUMIFS('financial data unpivot'!$I:$I,'financial data unpivot'!$C:$C,'Менеджеры по месяцам'!$A9,'financial data unpivot'!$G:$G,'Менеджеры по месяцам'!D$3),0) -> 0 | F9: =IFERROR(SUMIFS('financial data unpivot'!$J:$J,'financial data unpivot'!$C:$C,'Менеджеры по месяцам'!$A9,'financial data unpivot'!$G:$G,'Менеджеры по месяцам'!E$3)/SUMIFS('financial data unpivot'!$I:$I,'financial data unpivot'!$C:$C,'Менеджеры по месяцам'!$A9,'financial data unpivot'!$G:$G,'Менеджеры по месяцам'!E$3),0) -> 0.9870138 | G9: =IFERROR(SUMIFS('financial data unpivot'!$J:$J,'financial data unpivot'!$C:$C,'Менеджеры по месяцам'!$A9,'financial data unpivot'!$G:$G,'Менеджеры по месяцам'!F$3)/SUMIFS('financial data unpivot'!$I:$I,'financial data unpivot'!$C:$C,'Менеджеры по месяцам'!$A9,'financial data unpivot'!$G:$G,'Менеджеры по месяцам'!F$3),0) -> 1 | H9: =IFERROR(SUMIFS('financial data unpivot'!$J:$J,'financial data unpivot'!$C:$C,'Менеджеры по месяцам'!$A9,'financial data unpivot'!$G:$G,'Менеджеры по месяцам'!G$3)/SUMIFS('financial data unpivot'!$I:$I,'financial data unpivot'!$C:$C,'Менеджеры по месяцам'!$A9,'financial data unpivot'!$G:$G,'Менеджеры по месяцам'!G$3),0) -> 0.70277282 | I9: =IFERROR(SUMIFS('financial data unpivot'!$J:$J,'financial data unpivot'!$C:$C,'Менеджеры по месяцам'!$A9,'financial data unpivot'!$G:$G,'Менеджеры по месяцам'!H$3)/SUMIFS('financial data unpivot'!$I:$I,'financial data unpivot'!$C:$C,'Менеджеры по месяцам'!$A9,'financial data unpivot'!$G:$G,'Менеджеры по месяцам'!H$3),0) -> 0.43806226 | J9: =IFERROR(SUMIFS('financial data unpivot'!$J:$J,'financial data unpivot'!$C:$C,'Менеджеры по месяцам'!$A9,'financial data unpivot'!$G:$G,'Менеджеры по месяцам'!I$3)/SUMIFS('financial data unpivot'!$I:$I,'financial data unpivot'!$C:$C,'Менеджеры по месяцам'!$A9,'financial data unpivot'!$G:$G,'Менеджеры по месяцам'!I$3),0) -> 0 | K9: =IFERROR(SUMIFS('financial data unpivot'!$J:$J,'financial data unpivot'!$C:$C,'Менеджеры по месяцам'!$A9,'financial data unpivot'!$G:$G,'Менеджеры по месяцам'!J$3)/SUMIFS('financial data unpivot'!$I:$I,'financial data unpivot'!$C:$C,'Менеджеры по месяцам'!$A9,'financial data unpivot'!$G:$G,'Менеджеры по месяцам'!J$3),0) -> 0.28098047 | ... O9: =IFERROR(SUMIFS('financial data unpivot'!$J:$J,'financial data unpivot'!$C:$C,'Менеджеры по месяцам'!$A9,'financial data unpivot'!$G:$G,'Менеджеры по месяцам'!N$3)/SUMIFS('financial data unpivot'!$I:$I,'financial data unpivot'!$C:$C,'Менеджеры по месяцам'!$A9,'financial data unpivot'!$G:$G,'Менеджеры по месяцам'!N$3),0) -> 0.069589422
A10: Кузнецов Михаил Иванович | D10: =IFERROR(SUMIFS('financial data unpivot'!$J:$J,'financial data unpivot'!$C:$C,'Менеджеры по месяцам'!$A10,'financial data unpivot'!$G:$G,'Менеджеры по месяцам'!C$3)/SUMIFS('financial data unpivot'!$I:$I,'financial data unpivot'!$C:$C,'Менеджеры по месяцам'!$A10,'financial data unpivot'!$G:$G,'Менеджеры по месяцам'!C$3),0) -> 0.56749696 | E10: =IFERROR(SUMIFS('financial data unpivot'!$J:$J,'financial data unpivot'!$C:$C,'Менеджеры по месяцам'!$A10,'financial data unpivot'!$G:$G,'Менеджеры по месяцам'!D$3)/SUMIFS('financial data unpivot'!$I:$I,'financial data unpivot'!$C:$C,'Менеджеры по месяцам'!$A10,'financial data unpivot'!$G:$G,'Менеджеры по месяцам'!D$3),0) -> 0 | F10: =IFERROR(SUMIFS('financial data unpivot'!$J:$J,'financial data unpivot'!$C:$C,'Менеджеры по месяцам'!$A10,'financial data unpivot'!$G:$G,'Менеджеры по месяцам'!E$3)/SUMIFS('financial data unpivot'!$I:$I,'financial data unpivot'!$C:$C,'Менеджеры по месяцам'!$A10,'financial data unpivot'!$G:$G,'Менеджеры по месяцам'!E$3),0) -> 1.0118926 | G10: =IFERROR(SUMIFS('financial data unpivot'!$J:$J,'financial data unpivot'!$C:$C,'Менеджеры по месяцам'!$A10,'financial data unpivot'!$G:$G,'Менеджеры по месяцам'!F$3)/SUMIFS('financial data unpivot'!$I:$I,'financial data unpivot'!$C:$C,'Менеджеры по месяцам'!$A10,'financial data unpivot'!$G:$G,'Менеджеры по месяцам'!F$3),0) -> 0 | H10: =IFERROR(SUMIFS('financial data unpivot'!$J:$J,'financial data unpivot'!$C:$C,'Менеджеры по месяцам'!$A10,'financial data unpivot'!$G:$G,'Менеджеры по месяцам'!G$3)/SUMIFS('financial data unpivot'!$I:$I,'financial data unpivot'!$C:$C,'Менеджеры по месяцам'!$A10,'financial data unpivot'!$G:$G,'Менеджеры по месяцам'!G$3),0) -> 0.94814566 | I10: =IFERROR(SUMIFS('financial data unpivot'!$J:$J,'financial data unpivot'!$C:$C,'Менеджеры по месяцам'!$A10,'financial data unpivot'!$G:$G,'Менеджеры по месяцам'!H$3)/SUMIFS('financial data unpivot'!$I:$I,'financial data unpivot'!$C:$C,'Менеджеры по месяцам'!$A10,'financial data unpivot'!$G:$G,'Менеджеры по месяцам'!H$3),0) -> 0 | J10: =IFERROR(SUMIFS('financial data unpivot'!$J:$J,'financial data unpivot'!$C:$C,'Менеджеры по месяцам'!$A10,'financial data unpivot'!$G:$G,'Менеджеры по месяцам'!I$3)/SUMIFS('financial data unpivot'!$I:$I,'financial data unpivot'!$C:$C,'Менеджеры по месяцам'!$A10,'financial data unpivot'!$G:$G,'Менеджеры по месяцам'!I$3),0) -> 0.25690255 | K10: =IFERROR(SUMIFS('financial data unpivot'!$J:$J,'financial data unpivot'!$C:$C,'Менеджеры по месяцам'!$A10,'financial data unpivot'!$G:$G,'Менеджеры по месяцам'!J$3)/SUMIFS('financial data unpivot'!$I:$I,'financial data unpivot'!$C:$C,'Менеджеры по месяцам'!$A10,'financial data unpivot'!$G:$G,'Менеджеры по месяцам'!J$3),0) -> 0 | ... O10: =IFERROR(SUMIFS('financial data unpivot'!$J:$J,'financial data unpivot'!$C:$C,'Менеджеры по месяцам'!$A10,'financial data unpivot'!$G:$G,'Менеджеры по месяцам'!N$3)/SUMIFS('financial data unpivot'!$I:$I,'financial data unpivot'!$C:$C,'Менеджеры по месяцам'!$A10,'financial data unpivot'!$G:$G,'Менеджеры по месяцам'!N$3),0) -> 0
A11: Петрова Анна Дмитриевна | D11: =IFERROR(SUMIFS('financial data unpivot'!$J:$J,'financial data unpivot'!$C:$C,'Менеджеры по месяцам'!$A11,'financial data unpivot'!$G:$G,'Менеджеры по месяцам'!C$3)/SUMIFS('financial data unpivot'!$I:$I,'financial data unpivot'!$C:$C,'Менеджеры по месяцам'!$A11,'financial data unpivot'!$G:$G,'Менеджеры по месяцам'!C$3),0) -> 0 | E11: =IFERROR(SUMIFS('financial data unpivot'!$J:$J,'financial data unpivot'!$C:$C,'Менеджеры по месяцам'!$A11,'financial data unpivot'!$G:$G,'Менеджеры по месяцам'!D$3)/SUMIFS('financial data unpivot'!$I:$I,'financial data unpivot'!$C:$C,'Менеджеры по месяцам'!$A11,'financial data unpivot'!$G:$G,'Менеджеры по месяцам'!D$3),0) -> 0 | F11: =IFERROR(SUMIFS('financial data unpivot'!$J:$J,'financial data unpivot'!$C:$C,'Менеджеры по месяцам'!$A11,'financial data unpivot'!$G:$G,'Менеджеры по месяцам'!E$3)/SUMIFS('financial data unpivot'!$I:$I,'financial data unpivot'!$C:$C,'Менеджеры по месяцам'!$A11,'financial data unpivot'!$G:$G,'Менеджеры по месяцам'!E$3),0) -> 0 | G11: =IFERROR(SUMIFS('financial data unpivot'!$J:$J,'financial data unpivot'!$C:$C,'Менеджеры по месяцам'!$A11,'financial data unpivot'!$G:$G,'Менеджеры по месяцам'!F$3)/SUMIFS('financial data unpivot'!$I:$I,'financial data unpivot'!$C:$C,'Менеджеры по месяцам'!$A11,'financial data unpivot'!$G:$G,'Менеджеры по месяцам'!F$3),0) -> 0 | H11: =IFERROR(SUMIFS('financial data unpivot'!$J:$J,'financial data unpivot'!$C:$C,'Менеджеры по месяцам'!$A11,'financial data unpivot'!$G:$G,'Менеджеры по месяцам'!G$3)/SUMIFS('financial data unpivot'!$I:$I,'financial data unpivot'!$C:$C,'Менеджеры по месяцам'!$A11,'financial data unpivot'!$G:$G,'Менеджеры по месяцам'!G$3),0) -> 0 | I11: =IFERROR(SUMIFS('financial data unpivot'!$J:$J,'financial data unpivot'!$C:$C,'Менеджеры по месяцам'!$A11,'financial data unpivot'!$G:$G,'Менеджеры по месяцам'!H$3)/SUMIFS('financial data unpivot'!$I:$I,'financial data unpivot'!$C:$C,'Менеджеры по месяцам'!$A11,'financial data unpivot'!$G:$G,'Менеджеры по месяцам'!H$3),0) -> 0 | J11: =IFERROR(SUMIFS('financial data unpivot'!$J:$J,'financial data unpivot'!$C:$C,'Менеджеры по месяцам'!$A11,'financial data unpivot'!$G:$G,'Менеджеры по месяцам'!I$3)/SUMIFS('financial data unpivot'!$I:$I,'financial data unpivot'!$C:$C,'Менеджеры по месяцам'!$A11,'financial data unpivot'!$G:$G,'Менеджеры по месяцам'!I$3),0) -> 0 | K11: =IFERROR(SUMIFS('financial data unpivot'!$J:$J,'financial data unpivot'!$C:$C,'Менеджеры по месяцам'!$A11,'financial data unpivot'!$G:$G,'Менеджеры по месяцам'!J$3)/SUMIFS('financial data unpivot'!$I:$I,'financial data unpivot'!$C:$C,'Менеджеры по месяцам'!$A11,'financial data unpivot'!$G:$G,'Менеджеры по месяцам'!J$3),0) -> 0 | ... O11: =IFERROR(SUMIFS('financial data unpivot'!$J:$J,'financial data unpivot'!$C:$C,'Менеджеры по месяцам'!$A11,'financial data unpivot'!$G:$G,'Менеджеры по месяцам'!N$3)/SUMIFS('financial data unpivot'!$I:$I,'financial data unpivot'!$C:$C,'Менеджеры по месяцам'!$A11,'financial data unpivot'!$G:$G,'Менеджеры по месяцам'!N$3),0) -> 1.1111818
A12: Федорова Марина Васильевна | D12: =IFERROR(SUMIFS('financial data unpivot'!$J:$J,'financial data unpivot'!$C:$C,'Менеджеры по месяцам'!$A12,'financial data unpivot'!$G:$G,'Менеджеры по месяцам'!C$3)/SUMIFS('financial data unpivot'!$I:$I,'financial data unpivot'!$C:$C,'Менеджеры по месяцам'!$A12,'financial data unpivot'!$G:$G,'Менеджеры по месяцам'!C$3),0) -> 0 | E12: =IFERROR(SUMIFS('financial data unpivot'!$J:$J,'financial data unpivot'!$C:$C,'Менеджеры по месяцам'!$A12,'financial data unpivot'!$G:$G,'Менеджеры по месяцам'!D$3)/SUMIFS('financial data unpivot'!$I:$I,'financial data unpivot'!$C:$C,'Менеджеры по месяцам'!$A12,'financial data unpivot'!$G:$G,'Менеджеры по месяцам'!D$3),0) -> 0 | F12: =IFERROR(SUMIFS('financial data unpivot'!$J:$J,'financial data unpivot'!$C:$C,'Менеджеры по месяцам'!$A12,'financial data unpivot'!$G:$G,'Менеджеры по месяцам'!E$3)/SUMIFS('financial data unpivot'!$I:$I,'financial data unpivot'!$C:$C,'Менеджеры по месяцам'!$A12,'financial data unpivot'!$G:$G,'Менеджеры по месяцам'!E$3),0) -> 0 | G12: =IFERROR(SUMIFS('financial data unpivot'!$J:$J,'financial data unpivot'!$C:$C,'Менеджеры по месяцам'!$A12,'financial data unpivot'!$G:$G,'Менеджеры по месяцам'!F$3)/SUMIFS('financial data unpivot'!$I:$I,'financial data unpivot'!$C:$C,'Менеджеры по месяцам'!$A12,'financial data unpivot'!$G:$G,'Менеджеры по месяцам'!F$3),0) -> 0 | H12: =IFERROR(SUMIFS('financial data unpivot'!$J:$J,'financial data unpivot'!$C:$C,'Менеджеры по месяцам'!$A12,'financial data unpivot'!$G:$G,'Менеджеры по месяцам'!G$3)/SUMIFS('financial data unpivot'!$I:$I,'financial data unpivot'!$C:$C,'Менеджеры по месяцам'!$A12,'financial data unpivot'!$G:$G,'Менеджеры по месяцам'!G$3),0) -> 0 | I12: =IFERROR(SUMIFS('financial data unpivot'!$J:$J,'financial data unpivot'!$C:$C,'Менеджеры по месяцам'!$A12,'financial data unpivot'!$G:$G,'Менеджеры по месяцам'!H$3)/SUMIFS('financial data unpivot'!$I:$I,'financial data unpivot'!$C:$C,'Менеджеры по месяцам'!$A12,'financial data unpivot'!$G:$G,'Менеджеры по месяцам'!H$3),0) -> 0 | J12: =IFERROR(SUMIFS('financial data unpivot'!$J:$J,'financial data unpivot'!$C:$C,'Менеджеры по месяцам'!$A12,'financial data unpivot'!$G:$G,'Менеджеры по месяцам'!I$3)/SUMIFS('financial data unpivot'!$I:$I,'financial data unpivot'!$C:$C,'Менеджеры по месяцам'!$A12,'financial data unpivot'!$G:$G,'Менеджеры по месяцам'!I$3),0) -> 0 | K12: =IFERROR(SUMIFS('financial data unpivot'!$J:$J,'financial data unpivot'!$C:$C,'Менеджеры по месяцам'!$A12,'financial data unpivot'!$G:$G,'Менеджеры по месяцам'!J$3)/SUMIFS('financial data unpivot'!$I:$I,'financial data unpivot'!$C:$C,'Менеджеры по месяцам'!$A12,'financial data unpivot'!$G:$G,'Менеджеры по месяцам'!J$3),0) -> 0.93653846 | ... O12: =IFERROR(SUMIFS('financial data unpivot'!$J:$J,'financial data unpivot'!$C:$C,'Менеджеры по месяцам'!$A12,'financial data unpivot'!$G:$G,'Менеджеры по месяцам'!N$3)/SUMIFS('financial data unpivot'!$I:$I,'financial data unpivot'!$C:$C,'Менеджеры по месяцам'!$A12,'financial data unpivot'!$G:$G,'Менеджеры по месяцам'!N$3),0) -> 0
A13: без А/М | D13: =IFERROR(SUMIFS('financial data unpivot'!$J:$J,'financial data unpivot'!$C:$C,'Менеджеры по месяцам'!$A13,'financial data unpivot'!$G:$G,'Менеджеры по месяцам'!C$3)/SUMIFS('financial data unpivot'!$I:$I,'financial data unpivot'!$C:$C,'Менеджеры по месяцам'!$A13,'financial data unpivot'!$G:$G,'Менеджеры по месяцам'!C$3),0) -> 0 | E13: =IFERROR(SUMIFS('financial data unpivot'!$J:$J,'financial data unpivot'!$C:$C,'Менеджеры по месяцам'!$A13,'financial data unpivot'!$G:$G,'Менеджеры по месяцам'!D$3)/SUMIFS('financial data unpivot'!$I:$I,'financial data unpivot'!$C:$C,'Менеджеры по месяцам'!$A13,'financial data unpivot'!$G:$G,'Менеджеры по месяцам'!D$3),0) -> 0 | F13: =IFERROR(SUMIFS('financial data unpivot'!$J:$J,'financial data unpivot'!$C:$C,'Менеджеры по месяцам'!$A13,'financial data unpivot'!$G:$G,'Менеджеры по месяцам'!E$3)/SUMIFS('financial data unpivot'!$I:$I,'financial data unpivot'!$C:$C,'Менеджеры по месяцам'!$A13,'financial data unpivot'!$G:$G,'Менеджеры по месяцам'!E$3),0) -> 0 | G13: =IFERROR(SUMIFS('financial data unpivot'!$J:$J,'financial data unpivot'!$C:$C,'Менеджеры по месяцам'!$A13,'financial data unpivot'!$G:$G,'Менеджеры по месяцам'!F$3)/SUMIFS('financial data unpivot'!$I:$I,'financial data unpivot'!$C:$C,'Менеджеры по месяцам'!$A13,'financial data unpivot'!$G:$G,'Менеджеры по месяцам'!F$3),0) -> 0 | H13: =IFERROR(SUMIFS('financial data unpivot'!$J:$J,'financial data unpivot'!$C:$C,'Менеджеры по месяцам'!$A13,'financial data unpivot'!$G:$G,'Менеджеры по месяцам'!G$3)/SUMIFS('financial data unpivot'!$I:$I,'financial data unpivot'!$C:$C,'Менеджеры по месяцам'!$A13,'financial data unpivot'!$G:$G,'Менеджеры по месяцам'!G$3),0) -> 0 | I13: =IFERROR(SUMIFS('financial data unpivot'!$J:$J,'financial data unpivot'!$C:$C,'Менеджеры по месяцам'!$A13,'financial data unpivot'!$G:$G,'Менеджеры по месяцам'!H$3)/SUMIFS('financial data unpivot'!$I:$I,'financial data unpivot'!$C:$C,'Менеджеры по месяцам'!$A13,'financial data unpivot'!$G:$G,'Менеджеры по месяцам'!H$3),0) -> 0 | J13: =IFERROR(SUMIFS('financial data unpivot'!$J:$J,'financial data unpivot'!$C:$C,'Менеджеры по месяцам'!$A13,'financial data unpivot'!$G:$G,'Менеджеры по месяцам'!I$3)/SUMIFS('financial data unpivot'!$I:$I,'financial data unpivot'!$C:$C,'Менеджеры по месяцам'!$A13,'financial data unpivot'!$G:$G,'Менеджеры по месяцам'!I$3),0) -> 0 | K13: =IFERROR(SUMIFS('financial data unpivot'!$J:$J,'financial data unpivot'!$C:$C,'Менеджеры по месяцам'!$A13,'financial data unpivot'!$G:$G,'Менеджеры по месяцам'!J$3)/SUMIFS('financial data unpivot'!$I:$I,'financial data unpivot'!$C:$C,'Менеджеры по месяцам'!$A13,'financial data unpivot'!$G:$G,'Менеджеры по месяцам'!J$3),0) -> 0 | ... O13: =IFERROR(SUMIFS('financial data unpivot'!$J:$J,'financial data unpivot'!$C:$C,'Менеджеры по месяцам'!$A13,'financial data unpivot'!$G:$G,'Менеджеры по месяцам'!N$3)/SUMIFS('financial data unpivot'!$I:$I,'financial data unpivot'!$C:$C,'Менеджеры по месяцам'!$A13,'financial data unpivot'!$G:$G,'Менеджеры по месяцам'!N$3),0) -> 0
A16: Коэффицент 2
A17: Менеджер | B17: Месяц
B18: 44866 | C18: 44926 | D18: 44927 | E18: 44958 | F18: 44986 | G18: 45017 | H18: 45047 | I18: 45078 | J18: 45108 | K18: 45139 | L18: 45170 | M18: 45200 | N18: 45231 | O18: 45261
A19: Васильев Артем Александрович | D19: =IFERROR(SUMIFS('financial data unpivot'!$K:$K,'financial data unpivot'!$C:$C,'Менеджеры по месяцам'!$A19,'financial data unpivot'!$G:$G,'Менеджеры по месяцам'!B$18)/SUMIFS('financial data unpivot'!$I:$I,'financial data unpivot'!$C:$C,'Менеджеры по месяцам'!$A19,'financial data unpivot'!$G:$G,'Менеджеры по месяцам'!B$18),0) -> 0 | E19: =IFERROR(SUMIFS('financial data unpivot'!$K:$K,'financial data unpivot'!$C:$C,'Менеджеры по месяцам'!$A19,'financial data unpivot'!$G:$G,'Менеджеры по месяцам'!C$18)/SUMIFS('financial data unpivot'!$I:$I,'financial data unpivot'!$C:$C,'Менеджеры по месяцам'!$A19,'financial data unpivot'!$G:$G,'Менеджеры по месяцам'!C$18),0) -> 0 | F19: =IFERROR(SUMIFS('financial data unpivot'!$K:$K,'financial data unpivot'!$C:$C,'Менеджеры по месяцам'!$A19,'financial data unpivot'!$G:$G,'Менеджеры по месяцам'!D$18)/SUMIFS('financial data unpivot'!$I:$I,'financial data unpivot'!$C:$C,'Менеджеры по месяцам'!$A19,'financial data unpivot'!$G:$G,'Менеджеры по месяцам'!D$18),0) -> 0 | G19: =IFERROR(SUMIFS('financial data unpivot'!$K:$K,'financial data unpivot'!$C:$C,'Менеджеры по месяцам'!$A19,'financial data unpivot'!$G:$G,'Менеджеры по месяцам'!E$18)/SUMIFS('financial data unpivot'!$I:$I,'financial data unpivot'!$C:$C,'Менеджеры по месяцам'!$A19,'financial data unpivot'!$G:$G,'Менеджеры по месяцам'!E$18),0) -> 0 | H19: =IFERROR(SUMIFS('financial data unpivot'!$K:$K,'financial data unpivot'!$C:$C,'Менеджеры по месяцам'!$A19,'financial data unpivot'!$G:$G,'Менеджеры по месяцам'!F$18)/SUMIFS('financial data unpivot'!$I:$I,'financial data unpivot'!$C:$C,'Менеджеры по месяцам'!$A19,'financial data unpivot'!$G:$G,'Менеджеры по месяцам'!F$18),0) -> 0 | I19: =IFERROR(SUMIFS('financial data unpivot'!$K:$K,'financial data unpivot'!$C:$C,'Менеджеры по месяцам'!$A19,'financial data unpivot'!$G:$G,'Менеджеры по месяцам'!G$18)/SUMIFS('financial data unpivot'!$I:$I,'financial data unpivot'!$C:$C,'Менеджеры по месяцам'!$A19,'financial data unpivot'!$G:$G,'Менеджеры по месяцам'!G$18),0) -> 0 | J19: =IFERROR(SUMIFS('financial data unpivot'!$K:$K,'financial data unpivot'!$C:$C,'Менеджеры по месяцам'!$A19,'financial data unpivot'!$G:$G,'Менеджеры по месяцам'!H$18)/SUMIFS('financial data unpivot'!$I:$I,'financial data unpivot'!$C:$C,'Менеджеры по месяцам'!$A19,'financial data unpivot'!$G:$G,'Менеджеры по месяцам'!H$18),0) -> 0 | K19: =IFERROR(SUMIFS('financial data unpivot'!$K:$K,'financial data unpivot'!$C:$C,'Менеджеры по месяцам'!$A19,'financial data unpivot'!$G:$G,'Менеджеры по месяцам'!I$18)/SUMIFS('financial data unpivot'!$I:$I,'financial data unpivot'!$C:$C,'Менеджеры по месяцам'!$A19,'financial data unpivot'!$G:$G,'Менеджеры по месяцам'!I$18),0) -> 0 | ... O19: =IFERROR(SUMIFS('financial data unpivot'!$K:$K,'financial data unpivot'!$C:$C,'Менеджеры по месяцам'!$A19,'financial data unpivot'!$G:$G,'Менеджеры по месяцам'!M$18)/SUMIFS('financial data unpivot'!$I:$I,'financial data unpivot'!$C:$C,'Менеджеры по месяцам'!$A19,'financial data unpivot'!$G:$G,'Менеджеры по месяцам'!M$18),0) -> 0.1765245
A20: Михайлов Андрей Сергеевич | D20: =IFERROR(SUMIFS('financial data unpivot'!$K:$K,'financial data unpivot'!$C:$C,'Менеджеры по месяцам'!$A20,'financial data unpivot'!$G:$G,'Менеджеры по месяцам'!B$18)/SUMIFS('financial data unpivot'!$I:$I,'financial data unpivot'!$C:$C,'Менеджеры по месяцам'!$A20,'financial data unpivot'!$G:$G,'Менеджеры по месяцам'!B$18),0) -> 0 | E20: =IFERROR(SUMIFS('financial data unpivot'!$K:$K,'financial data unpivot'!$C:$C,'Менеджеры по месяцам'!$A20,'financial data unpivot'!$G:$G,'Менеджеры по месяцам'!C$18)/SUMIFS('financial data unpivot'!$I:$I,'financial data unpivot'!$C:$C,'Менеджеры по месяцам'!$A20,'financial data unpivot'!$G:$G,'Менеджеры по месяцам'!C$18),0) -> 0 | F20: =IFERROR(SUMIFS('financial data unpivot'!$K:$K,'financial data unpivot'!$C:$C,'Менеджеры по месяцам'!$A20,'financial data unpivot'!$G:$G,'Менеджеры по месяцам'!D$18)/SUMIFS('financial data unpivot'!$I:$I,'financial data unpivot'!$C:$C,'Менеджеры по месяцам'!$A20,'financial data unpivot'!$G:$G,'Менеджеры по месяцам'!D$18),0) -> 0 | G20: =IFERROR(SUMIFS('financial data unpivot'!$K:$K,'financial data unpivot'!$C:$C,'Менеджеры по месяцам'!$A20,'financial data unpivot'!$G:$G,'Менеджеры по месяцам'!E$18)/SUMIFS('financial data unpivot'!$I:$I,'financial data unpivot'!$C:$C,'Менеджеры по месяцам'!$A20,'financial data unpivot'!$G:$G,'Менеджеры по месяцам'!E$18),0) -> 0 | H20: =IFERROR(SUMIFS('financial data unpivot'!$K:$K,'financial data unpivot'!$C:$C,'Менеджеры по месяцам'!$A20,'financial data unpivot'!$G:$G,'Менеджеры по месяцам'!F$18)/SUMIFS('financial data unpivot'!$I:$I,'financial data unpivot'!$C:$C,'Менеджеры по месяцам'!$A20,'financial data unpivot'!$G:$G,'Менеджеры по месяцам'!F$18),0) -> 0 | I20: =IFERROR(SUMIFS('financial data unpivot'!$K:$K,'financial data unpivot'!$C:$C,'Менеджеры по месяцам'!$A20,'financial data unpivot'!$G:$G,'Менеджеры по месяцам'!G$18)/SUMIFS('financial data unpivot'!$I:$I,'financial data unpivot'!$C:$C,'Менеджеры по месяцам'!$A20,'financial data unpivot'!$G:$G,'Менеджеры по месяцам'!G$18),0) -> 0 | J20: =IFERROR(SUMIFS('financial data unpivot'!$K:$K,'financial data unpivot'!$C:$C,'Менеджеры по месяцам'!$A20,'financial data unpivot'!$G:$G,'Менеджеры по месяцам'!H$18)/SUMIFS('financial data unpivot'!$I:$I,'financial data unpivot'!$C:$C,'Менеджеры по месяцам'!$A20,'financial data unpivot'!$G:$G,'Менеджеры по месяцам'!H$18),0) -> 0 | K20: =IFERROR(SUMIFS('financial data unpivot'!$K:$K,'financial data unpivot'!$C:$C,'Менеджеры по месяцам'!$A20,'financial data unpivot'!$G:$G,'Менеджеры по месяцам'!I$18)/SUMIFS('financial data unpivot'!$I:$I,'financial data unpivot'!$C:$C,'Менеджеры по месяцам'!$A20,'financial data unpivot'!$G:$G,'Менеджеры по месяцам'!I$18),0) -> 0 | ... O20: =IFERROR(SUMIFS('financial data unpivot'!$K:$K,'financial data unpivot'!$C:$C,'Менеджеры по месяцам'!$A20,'financial data unpivot'!$G:$G,'Менеджеры по месяцам'!M$18)/SUMIFS('financial data unpivot'!$I:$I,'financial data unpivot'!$C:$C,'Менеджеры по месяцам'!$A20,'financial data unpivot'!$G:$G,'Менеджеры по месяцам'!M$18),0) -> 0
A21: Соколова Анастасия Викторовна | D21: =IFERROR(SUMIFS('financial data unpivot'!$K:$K,'financial data unpivot'!$C:$C,'Менеджеры по месяцам'!$A21,'financial data unpivot'!$G:$G,'Менеджеры по месяцам'!B$18)/SUMIFS('financial data unpivot'!$I:$I,'financial data unpivot'!$C:$C,'Менеджеры по месяцам'!$A21,'financial data unpivot'!$G:$G,'Менеджеры по месяцам'!B$18),0) -> 0 | E21: =IFERROR(SUMIFS('financial data unpivot'!$K:$K,'financial data unpivot'!$C:$C,'Менеджеры по месяцам'!$A21,'financial data unpivot'!$G:$G,'Менеджеры по месяцам'!C$18)/SUMIFS('financial data unpivot'!$I:$I,'financial data unpivot'!$C:$C,'Менеджеры по месяцам'!$A21,'financial data unpivot'!$G:$G,'Менеджеры по месяцам'!C$18),0) -> 0 | F21: =IFERROR(SUMIFS('financial data unpivot'!$K:$K,'financial data unpivot'!$C:$C,'Менеджеры по месяцам'!$A21,'financial data unpivot'!$G:$G,'Менеджеры по месяцам'!D$18)/SUMIFS('financial data unpivot'!$I:$I,'financial data unpivot'!$C:$C,'Менеджеры по месяцам'!$A21,'financial data unpivot'!$G:$G,'Менеджеры по месяцам'!D$18),0) -> 0 | G21: =IFERROR(SUMIFS('financial data unpivot'!$K:$K,'financial data unpivot'!$C:$C,'Менеджеры по месяцам'!$A21,'financial data unpivot'!$G:$G,'Менеджеры по месяцам'!E$18)/SUMIFS('financial data unpivot'!$I:$I,'financial data unpivot'!$C:$C,'Менеджеры по месяцам'!$A21,'financial data unpivot'!$G:$G,'Менеджеры по месяцам'!E$18),0) -> 0 | H21: =IFERROR(SUMIFS('financial data unpivot'!$K:$K,'financial data unpivot'!$C:$C,'Менеджеры по месяцам'!$A21,'financial data unpivot'!$G:$G,'Менеджеры по месяцам'!F$18)/SUMIFS('financial data unpivot'!$I:$I,'financial data unpivot'!$C:$C,'Менеджеры по месяцам'!$A21,'financial data unpivot'!$G:$G,'Менеджеры по месяцам'!F$18),0) -> 0 | I21: =IFERROR(SUMIFS('financial data unpivot'!$K:$K,'financial data unpivot'!$C:$C,'Менеджеры по месяцам'!$A21,'financial data unpivot'!$G:$G,'Менеджеры по месяцам'!G$18)/SUMIFS('financial data unpivot'!$I:$I,'financial data unpivot'!$C:$C,'Менеджеры по месяцам'!$A21,'financial data unpivot'!$G:$G,'Менеджеры по месяцам'!G$18),0) -> 0 | J21: =IFERROR(SUMIFS('financial data unpivot'!$K:$K,'financial data unpivot'!$C:$C,'Менеджеры по месяцам'!$A21,'financial data unpivot'!$G:$G,'Менеджеры по месяцам'!H$18)/SUMIFS('financial data unpivot'!$I:$I,'financial data unpivot'!$C:$C,'Менеджеры по месяцам'!$A21,'financial data unpivot'!$G:$G,'Менеджеры по месяцам'!H$18),0) -> 0 | K21: =IFERROR(SUMIFS('financial data unpivot'!$K:$K,'financial data unpivot'!$C:$C,'Менеджеры по месяцам'!$A21,'financial data unpivot'!$G:$G,'Менеджеры по месяцам'!I$18)/SUMIFS('financial data unpivot'!$I:$I,'financial data unpivot'!$C:$C,'Менеджеры по месяцам'!$A21,'financial data unpivot'!$G:$G,'Менеджеры по месяцам'!I$18),0) -> 0 | ... O21: =IFERROR(SUMIFS('financial data unpivot'!$K:$K,'financial data unpivot'!$C:$C,'Менеджеры по месяцам'!$A21,'financial data unpivot'!$G:$G,'Менеджеры по месяцам'!M$18)/SUMIFS('financial data unpivot'!$I:$I,'financial data unpivot'!$C:$C,'Менеджеры по месяцам'!$A21,'financial data unpivot'!$G:$G,'Менеджеры по месяцам'!M$18),0) -> 0
A22: Иванова Мария Сергеевна | D22: =IFERROR(SUMIFS('financial data unpivot'!$K:$K,'financial data unpivot'!$C:$C,'Менеджеры по месяцам'!$A22,'financial data unpivot'!$G:$G,'Менеджеры по месяцам'!B$18)/SUMIFS('financial data unpivot'!$I:$I,'financial data unpivot'!$C:$C,'Менеджеры по месяцам'!$A22,'financial data unpivot'!$G:$G,'Менеджеры по месяцам'!B$18),0) -> 1.0475375 | E22: =IFERROR(SUMIFS('financial data unpivot'!$K:$K,'financial data unpivot'!$C:$C,'Менеджеры по месяцам'!$A22,'financial data unpivot'!$G:$G,'Менеджеры по месяцам'!C$18)/SUMIFS('financial data unpivot'!$I:$I,'financial data unpivot'!$C:$C,'Менеджеры по месяцам'!$A22,'financial data unpivot'!$G:$G,'Менеджеры по месяцам'!C$18),0) -> 0 | F22: =IFERROR(SUMIFS('financial data unpivot'!$K:$K,'financial data unpivot'!$C:$C,'Менеджеры по месяцам'!$A22,'financial data unpivot'!$G:$G,'Менеджеры по месяцам'!D$18)/SUMIFS('financial data unpivot'!$I:$I,'financial data unpivot'!$C:$C,'Менеджеры по месяцам'!$A22,'financial data unpivot'!$G:$G,'Менеджеры по месяцам'!D$18),0) -> 0 | G22: =IFERROR(SUMIFS('financial data unpivot'!$K:$K,'financial data unpivot'!$C:$C,'Менеджеры по месяцам'!$A22,'financial data unpivot'!$G:$G,'Менеджеры по месяцам'!E$18)/SUMIFS('financial data unpivot'!$I:$I,'financial data unpivot'!$C:$C,'Менеджеры по месяцам'!$A22,'financial data unpivot'!$G:$G,'Менеджеры по месяцам'!E$18),0) -> 0 | H22: =IFERROR(SUMIFS('financial data unpivot'!$K:$K,'financial data unpivot'!$C:$C,'Менеджеры по месяцам'!$A22,'financial data unpivot'!$G:$G,'Менеджеры по месяцам'!F$18)/SUMIFS('financial data unpivot'!$I:$I,'financial data unpivot'!$C:$C,'Менеджеры по месяцам'!$A22,'financial data unpivot'!$G:$G,'Менеджеры по месяцам'!F$18),0) -> 0 | I22: =IFERROR(SUMIFS('financial data unpivot'!$K:$K,'financial data unpivot'!$C:$C,'Менеджеры по месяцам'!$A22,'financial data unpivot'!$G:$G,'Менеджеры по месяцам'!G$18)/SUMIFS('financial data unpivot'!$I:$I,'financial data unpivot'!$C:$C,'Менеджеры по месяцам'!$A22,'financial data unpivot'!$G:$G,'Менеджеры по месяцам'!G$18),0) -> 1 | J22: =IFERROR(SUMIFS('financial data unpivot'!$K:$K,'financial data unpivot'!$C:$C,'Менеджеры по месяцам'!$A22,'financial data unpivot'!$G:$G,'Менеджеры по месяцам'!H$18)/SUMIFS('financial data unpivot'!$I:$I,'financial data unpivot'!$C:$C,'Менеджеры по месяцам'!$A22,'financial data unpivot'!$G:$G,'Менеджеры по месяцам'!H$18),0) -> 0 | K22: =IFERROR(SUMIFS('financial data unpivot'!$K:$K,'financial data unpivot'!$C:$C,'Менеджеры по месяцам'!$A22,'financial data unpivot'!$G:$G,'Менеджеры по месяцам'!I$18)/SUMIFS('financial data unpivot'!$I:$I,'financial data unpivot'!$C:$C,'Менеджеры по месяцам'!$A22,'financial data unpivot'!$G:$G,'Менеджеры по месяцам'!I$18),0) -> 0 | ... O22: =IFERROR(SUMIFS('financial data unpivot'!$K:$K,'financial data unpivot'!$C:$C,'Менеджеры по месяцам'!$A22,'financial data unpivot'!$G:$G,'Менеджеры по месяцам'!M$18)/SUMIFS('financial data unpivot'!$I:$I,'financial data unpivot'!$C:$C,'Менеджеры по месяцам'!$A22,'financial data unpivot'!$G:$G,'Менеджеры по месяцам'!M$18),0) -> 0
A23: Попова Екатерина Николаевна | D23: =IFERROR(SUMIFS('financial data unpivot'!$K:$K,'financial data unpivot'!$C:$C,'Менеджеры по месяцам'!$A23,'financial data unpivot'!$G:$G,'Менеджеры по месяцам'!B$18)/SUMIFS('financial data unpivot'!$I:$I,'financial data unpivot'!$C:$C,'Менеджеры по месяцам'!$A23,'financial data unpivot'!$G:$G,'Менеджеры по месяцам'!B$18),0) -> 0 | E23: =IFERROR(SUMIFS('financial data unpivot'!$K:$K,'financial data unpivot'!$C:$C,'Менеджеры по месяцам'!$A23,'financial data unpivot'!$G:$G,'Менеджеры по месяцам'!C$18)/SUMIFS('financial data unpivot'!$I:$I,'financial data unpivot'!$C:$C,'Менеджеры по месяцам'!$A23,'financial data unpivot'!$G:$G,'Менеджеры по месяцам'!C$18),0) -> 0 | F23: =IFERROR(SUMIFS('financial data unpivot'!$K:$K,'financial data unpivot'!$C:$C,'Менеджеры по месяцам'!$A23,'financial data unpivot'!$G:$G,'Менеджеры по месяцам'!D$18)/SUMIFS('financial data unpivot'!$I:$I,'financial data unpivot'!$C:$C,'Менеджеры по месяцам'!$A23,'financial data unpivot'!$G:$G,'Менеджеры по месяцам'!D$18),0) -> 0 | G23: =IFERROR(SUMIFS('financial data unpivot'!$K:$K,'financial data unpivot'!$C:$C,'Менеджеры по месяцам'!$A23,'financial data unpivot'!$G:$G,'Менеджеры по месяцам'!E$18)/SUMIFS('financial data unpivot'!$I:$I,'financial data unpivot'!$C:$C,'Менеджеры по месяцам'!$A23,'financial data unpivot'!$G:$G,'Менеджеры по месяцам'!E$18),0) -> 0.064320806 | H23: =IFERROR(SUMIFS('financial data unpivot'!$K:$K,'financial data unpivot'!$C:$C,'Менеджеры по месяцам'!$A23,'financial data unpivot'!$G:$G,'Менеджеры по месяцам'!F$18)/SUMIFS('financial data unpivot'!$I:$I,'financial data unpivot'!$C:$C,'Менеджеры по месяцам'!$A23,'financial data unpivot'!$G:$G,'Менеджеры по месяцам'!F$18),0) -> 0 | I23: =IFERROR(SUMIFS('financial data unpivot'!$K:$K,'financial data unpivot'!$C:$C,'Менеджеры по месяцам'!$A23,'financial data unpivot'!$G:$G,'Менеджеры по месяцам'!G$18)/SUMIFS('financial data unpivot'!$I:$I,'financial data unpivot'!$C:$C,'Менеджеры по месяцам'!$A23,'financial data unpivot'!$G:$G,'Менеджеры по месяцам'!G$18),0) -> 0 | J23: =IFERROR(SUMIFS('financial data unpivot'!$K:$K,'financial data unpivot'!$C:$C,'Менеджеры по месяцам'!$A23,'financial data unpivot'!$G:$G,'Менеджеры по месяцам'!H$18)/SUMIFS('financial data unpivot'!$I:$I,'financial data unpivot'!$C:$C,'Менеджеры по месяцам'!$A23,'financial data unpivot'!$G:$G,'Менеджеры по месяцам'!H$18),0) -> 0.64054258 | K23: =IFERROR(SUMIFS('financial data unpivot'!$K:$K,'financial data unpivot'!$C:$C,'Менеджеры по месяцам'!$A23,'financial data unpivot'!$G:$G,'Менеджеры по месяцам'!I$18)/SUMIFS('financial data unpivot'!$I:$I,'financial data unpivot'!$C:$C,'Менеджеры по месяцам'!$A23,'financial data unpivot'!$G:$G,'Менеджеры по месяцам'!I$18),0) -> 0 | ... O23: =IFERROR(SUMIFS('financial data unpivot'!$K:$K,'financial data unpivot'!$C:$C,'Менеджеры по месяцам'!$A23,'financial data unpivot'!$G:$G,'Менеджеры по месяцам'!M$18)/SUMIFS('financial data unpivot'!$I:$I,'financial data unpivot'!$C:$C,'Менеджеры по месяцам'!$A23,'financial data unpivot'!$G:$G,'Менеджеры по месяцам'!M$18),0) -> 0
A24: Смирнова Ольга Владимировна | D24: =IFERROR(SUMIFS('financial data unpivot'!$K:$K,'financial data unpivot'!$C:$C,'Менеджеры по месяцам'!$A24,'financial data unpivot'!$G:$G,'Менеджеры по месяцам'!B$18)/SUMIFS('financial data unpivot'!$I:$I,'financial data unpivot'!$C:$C,'Менеджеры по месяцам'!$A24,'financial data unpivot'!$G:$G,'Менеджеры по месяцам'!B$18),0) -> 0 | E24: =IFERROR(SUMIFS('financial data unpivot'!$K:$K,'financial data unpivot'!$C:$C,'Менеджеры по месяцам'!$A24,'financial data unpivot'!$G:$G,'Менеджеры по месяцам'!C$18)/SUMIFS('financial data unpivot'!$I:$I,'financial data unpivot'!$C:$C,'Менеджеры по месяцам'!$A24,'financial data unpivot'!$G:$G,'Менеджеры по месяцам'!C$18),0) -> 0 | F24: =IFERROR(SUMIFS('financial data unpivot'!$K:$K,'financial data unpivot'!$C:$C,'Менеджеры по месяцам'!$A24,'financial data unpivot'!$G:$G,'Менеджеры по месяцам'!D$18)/SUMIFS('financial data unpivot'!$I:$I,'financial data unpivot'!$C:$C,'Менеджеры по месяцам'!$A24,'financial data unpivot'!$G:$G,'Менеджеры по месяцам'!D$18),0) -> 1.1505208 | G24: =IFERROR(SUMIFS('financial data unpivot'!$K:$K,'financial data unpivot'!$C:$C,'Менеджеры по месяцам'!$A24,'financial data unpivot'!$G:$G,'Менеджеры по месяцам'!E$18)/SUMIFS('financial data unpivot'!$I:$I,'financial data unpivot'!$C:$C,'Менеджеры по месяцам'!$A24,'financial data unpivot'!$G:$G,'Менеджеры по месяцам'!E$18),0) -> 0 | H24: =IFERROR(SUMIFS('financial data unpivot'!$K:$K,'financial data unpivot'!$C:$C,'Менеджеры по месяцам'!$A24,'financial data unpivot'!$G:$G,'Менеджеры по месяцам'!F$18)/SUMIFS('financial data unpivot'!$I:$I,'financial data unpivot'!$C:$C,'Менеджеры по месяцам'!$A24,'financial data unpivot'!$G:$G,'Менеджеры по месяцам'!F$18),0) -> 0 | I24: =IFERROR(SUMIFS('financial data unpivot'!$K:$K,'financial data unpivot'!$C:$C,'Менеджеры по месяцам'!$A24,'financial data unpivot'!$G:$G,'Менеджеры по месяцам'!G$18)/SUMIFS('financial data unpivot'!$I:$I,'financial data unpivot'!$C:$C,'Менеджеры по месяцам'!$A24,'financial data unpivot'!$G:$G,'Менеджеры по месяцам'!G$18),0) -> 0 | J24: =IFERROR(SUMIFS('financial data unpivot'!$K:$K,'financial data unpivot'!$C:$C,'Менеджеры по месяцам'!$A24,'financial data unpivot'!$G:$G,'Менеджеры по месяцам'!H$18)/SUMIFS('financial data unpivot'!$I:$I,'financial data unpivot'!$C:$C,'Менеджеры по месяцам'!$A24,'financial data unpivot'!$G:$G,'Менеджеры по месяцам'!H$18),0) -> 0.29011673 | K24: =IFERROR(SUMIFS('financial data unpivot'!$K:$K,'financial data unpivot'!$C:$C,'Менеджеры по месяцам'!$A24,'financial data unpivot'!$G:$G,'Менеджеры по месяцам'!I$18)/SUMIFS('financial data unpivot'!$I:$I,'financial data unpivot'!$C:$C,'Менеджеры по месяцам'!$A24,'financial data unpivot'!$G:$G,'Менеджеры по месяцам'!I$18),0) -> 0 | ... O24: =IFERROR(SUMIFS('financial data unpivot'!$K:$K,'financial data unpivot'!$C:$C,'Менеджеры по месяцам'!$A24,'financial data unpivot'!$G:$G,'Менеджеры по месяцам'!M$18)/SUMIFS('financial data unpivot'!$I:$I,'financial data unpivot'!$C:$C,'Менеджеры по месяцам'!$A24,'financial data unpivot'!$G:$G,'Менеджеры по месяцам'!M$18),0) -> 0.42702618
A25: Кузнецов Михаил Иванович | D25: =IFERROR(SUMIFS('financial data unpivot'!$K:$K,'financial data unpivot'!$C:$C,'Менеджеры по месяцам'!$A25,'financial data unpivot'!$G:$G,'Менеджеры по месяцам'!B$18)/SUMIFS('financial data unpivot'!$I:$I,'financial data unpivot'!$C:$C,'Менеджеры по месяцам'!$A25,'financial data unpivot'!$G:$G,'Менеджеры по месяцам'!B$18),0) -> 0 | E25: =IFERROR(SUMIFS('financial data unpivot'!$K:$K,'financial data unpivot'!$C:$C,'Менеджеры по месяцам'!$A25,'financial data unpivot'!$G:$G,'Менеджеры по месяцам'!C$18)/SUMIFS('financial data unpivot'!$I:$I,'financial data unpivot'!$C:$C,'Менеджеры по месяцам'!$A25,'financial data unpivot'!$G:$G,'Менеджеры по месяцам'!C$18),0) -> 0 | F25: =IFERROR(SUMIFS('financial data unpivot'!$K:$K,'financial data unpivot'!$C:$C,'Менеджеры по месяцам'!$A25,'financial data unpivot'!$G:$G,'Менеджеры по месяцам'!D$18)/SUMIFS('financial data unpivot'!$I:$I,'financial data unpivot'!$C:$C,'Менеджеры по месяцам'!$A25,'financial data unpivot'!$G:$G,'Менеджеры по месяцам'!D$18),0) -> 0.54733761 | G25: =IFERROR(SUMIFS('financial data unpivot'!$K:$K,'financial data unpivot'!$C:$C,'Менеджеры по месяцам'!$A25,'financial data unpivot'!$G:$G,'Менеджеры по месяцам'!E$18)/SUMIFS('financial data unpivot'!$I:$I,'financial data unpivot'!$C:$C,'Менеджеры по месяцам'!$A25,'financial data unpivot'!$G:$G,'Менеджеры по месяцам'!E$18),0) -> 0 | H25: =IFERROR(SUMIFS('financial data unpivot'!$K:$K,'financial data unpivot'!$C:$C,'Менеджеры по месяцам'!$A25,'financial data unpivot'!$G:$G,'Менеджеры по месяцам'!F$18)/SUMIFS('financial data unpivot'!$I:$I,'financial data unpivot'!$C:$C,'Менеджеры по месяцам'!$A25,'financial data unpivot'!$G:$G,'Менеджеры по месяцам'!F$18),0) -> 0 | I25: =IFERROR(SUMIFS('financial data unpivot'!$K:$K,'financial data unpivot'!$C:$C,'Менеджеры по месяцам'!$A25,'financial data unpivot'!$G:$G,'Менеджеры по месяцам'!G$18)/SUMIFS('financial data unpivot'!$I:$I,'financial data unpivot'!$C:$C,'Менеджеры по месяцам'!$A25,'financial data unpivot'!$G:$G,'Менеджеры по месяцам'!G$18),0) -> 0 | J25: =IFERROR(SUMIFS('financial data unpivot'!$K:$K,'financial data unpivot'!$C:$C,'Менеджеры по месяцам'!$A25,'financial data unpivot'!$G:$G,'Менеджеры по месяцам'!H$18)/SUMIFS('financial data unpivot'!$I:$I,'financial data unpivot'!$C:$C,'Менеджеры по месяцам'!$A25,'financial data unpivot'!$G:$G,'Менеджеры по месяцам'!H$18),0) -> 0 | K25: =IFERROR(SUMIFS('financial data unpivot'!$K:$K,'financial data unpivot'!$C:$C,'Менеджеры по месяцам'!$A25,'financial data unpivot'!$G:$G,'Менеджеры по месяцам'!I$18)/SUMIFS('financial data unpivot'!$I:$I,'financial data unpivot'!$C:$C,'Менеджеры по месяцам'!$A25,'financial data unpivot'!$G:$G,'Менеджеры по месяцам'!I$18),0) -> 0 | ... O25: =IFERROR(SUMIFS('financial data unpivot'!$K:$K,'financial data unpivot'!$C:$C,'Менеджеры по месяцам'!$A25,'financial data unpivot'!$G:$G,'Менеджеры по месяцам'!M$18)/SUMIFS('financial data unpivot'!$I:$I,'financial data unpivot'!$C:$C,'Менеджеры по месяцам'!$A25,'financial data unpivot'!$G:$G,'Менеджеры по месяцам'!M$18),0) -> 0
A26: Петрова Анна Дмитриевна | D26: =IFERROR(SUMIFS('financial data unpivot'!$K:$K,'financial data unpivot'!$C:$C,'Менеджеры по месяцам'!$A26,'financial data unpivot'!$G:$G,'Менеджеры по месяцам'!B$18)/SUMIFS('financial data unpivot'!$I:$I,'financial data unpivot'!$C:$C,'Менеджеры по месяцам'!$A26,'financial data unpivot'!$G:$G,'Менеджеры по месяцам'!B$18),0) -> 0 | E26: =IFERROR(SUMIFS('financial data unpivot'!$K:$K,'financial data unpivot'!$C:$C,'Менеджеры по месяцам'!$A26,'financial data unpivot'!$G:$G,'Менеджеры по месяцам'!C$18)/SUMIFS('financial data unpivot'!$I:$I,'financial data unpivot'!$C:$C,'Менеджеры по месяцам'!$A26,'financial data unpivot'!$G:$G,'Менеджеры по месяцам'!C$18),0) -> 0 | F26: =IFERROR(SUMIFS('financial data unpivot'!$K:$K,'financial data unpivot'!$C:$C,'Менеджеры по месяцам'!$A26,'financial data unpivot'!$G:$G,'Менеджеры по месяцам'!D$18)/SUMIFS('financial data unpivot'!$I:$I,'financial data unpivot'!$C:$C,'Менеджеры по месяцам'!$A26,'financial data unpivot'!$G:$G,'Менеджеры по месяцам'!D$18),0) -> 0 | G26: =IFERROR(SUMIFS('financial data unpivot'!$K:$K,'financial data unpivot'!$C:$C,'Менеджеры по месяцам'!$A26,'financial data unpivot'!$G:$G,'Менеджеры по месяцам'!E$18)/SUMIFS('financial data unpivot'!$I:$I,'financial data unpivot'!$C:$C,'Менеджеры по месяцам'!$A26,'financial data unpivot'!$G:$G,'Менеджеры по месяцам'!E$18),0) -> 0 | H26: =IFERROR(SUMIFS('financial data unpivot'!$K:$K,'financial data unpivot'!$C:$C,'Менеджеры по месяцам'!$A26,'financial data unpivot'!$G:$G,'Менеджеры по месяцам'!F$18)/SUMIFS('financial data unpivot'!$I:$I,'financial data unpivot'!$C:$C,'Менеджеры по месяцам'!$A26,'financial data unpivot'!$G:$G,'Менеджеры по месяцам'!F$18),0) -> 0 | I26: =IFERROR(SUMIFS('financial data unpivot'!$K:$K,'financial data unpivot'!$C:$C,'Менеджеры по месяцам'!$A26,'financial data unpivot'!$G:$G,'Менеджеры по месяцам'!G$18)/SUMIFS('financial data unpivot'!$I:$I,'financial data unpivot'!$C:$C,'Менеджеры по месяцам'!$A26,'financial data unpivot'!$G:$G,'Менеджеры по месяцам'!G$18),0) -> 0 | J26: =IFERROR(SUMIFS('financial data unpivot'!$K:$K,'financial data unpivot'!$C:$C,'Менеджеры по месяцам'!$A26,'financial data unpivot'!$G:$G,'Менеджеры по месяцам'!H$18)/SUMIFS('financial data unpivot'!$I:$I,'financial data unpivot'!$C:$C,'Менеджеры по месяцам'!$A26,'financial data unpivot'!$G:$G,'Менеджеры по месяцам'!H$18),0) -> 0 | K26: =IFERROR(SUMIFS('financial data unpivot'!$K:$K,'financial data unpivot'!$C:$C,'Менеджеры по месяцам'!$A26,'financial data unpivot'!$G:$G,'Менеджеры по месяцам'!I$18)/SUMIFS('financial data unpivot'!$I:$I,'financial data unpivot'!$C:$C,'Менеджеры по месяцам'!$A26,'financial data unpivot'!$G:$G,'Менеджеры по месяцам'!I$18),0) -> 0 | ... O26: =IFERROR(SUMIFS('financial data unpivot'!$K:$K,'financial data unpivot'!$C:$C,'Менеджеры по месяцам'!$A26,'financial data unpivot'!$G:$G,'Менеджеры по месяцам'!M$18)/SUMIFS('financial data unpivot'!$I:$I,'financial data unpivot'!$C:$C,'Менеджеры по месяцам'!$A26,'financial data unpivot'!$G:$G,'Менеджеры по месяцам'!M$18),0) -> 0
A27: Федорова Марина Васильевна | D27: =IFERROR(SUMIFS('financial data unpivot'!$K:$K,'financial data unpivot'!$C:$C,'Менеджеры по месяцам'!$A27,'financial data unpivot'!$G:$G,'Менеджеры по месяцам'!B$18)/SUMIFS('financial data unpivot'!$I:$I,'financial data unpivot'!$C:$C,'Менеджеры по месяцам'!$A27,'financial data unpivot'!$G:$G,'Менеджеры по месяцам'!B$18),0) -> 0 | E27: =IFERROR(SUMIFS('financial data unpivot'!$K:$K,'financial data unpivot'!$C:$C,'Менеджеры по месяцам'!$A27,'financial data unpivot'!$G:$G,'Менеджеры по месяцам'!C$18)/SUMIFS('financial data unpivot'!$I:$I,'financial data unpivot'!$C:$C,'Менеджеры по месяцам'!$A27,'financial data unpivot'!$G:$G,'Менеджеры по месяцам'!C$18),0) -> 0 | F27: =IFERROR(SUMIFS('financial data unpivot'!$K:$K,'financial data unpivot'!$C:$C,'Менеджеры по месяцам'!$A27,'financial data unpivot'!$G:$G,'Менеджеры по месяцам'!D$18)/SUMIFS('financial data unpivot'!$I:$I,'financial data unpivot'!$C:$C,'Менеджеры по месяцам'!$A27,'financial data unpivot'!$G:$G,'Менеджеры по месяцам'!D$18),0) -> 0 | G27: =IFERROR(SUMIFS('financial data unpivot'!$K:$K,'financial data unpivot'!$C:$C,'Менеджеры по месяцам'!$A27,'financial data unpivot'!$G:$G,'Менеджеры по месяцам'!E$18)/SUMIFS('financial data unpivot'!$I:$I,'financial data unpivot'!$C:$C,'Менеджеры по месяцам'!$A27,'financial data unpivot'!$G:$G,'Менеджеры по месяцам'!E$18),0) -> 0 | H27: =IFERROR(SUMIFS('financial data unpivot'!$K:$K,'financial data unpivot'!$C:$C,'Менеджеры по месяцам'!$A27,'financial data unpivot'!$G:$G,'Менеджеры по месяцам'!F$18)/SUMIFS('financial data unpivot'!$I:$I,'financial data unpivot'!$C:$C,'Менеджеры по месяцам'!$A27,'financial data unpivot'!$G:$G,'Менеджеры по месяцам'!F$18),0) -> 0 | I27: =IFERROR(SUMIFS('financial data unpivot'!$K:$K,'financial data unpivot'!$C:$C,'Менеджеры по месяцам'!$A27,'financial data unpivot'!$G:$G,'Менеджеры по месяцам'!G$18)/SUMIFS('financial data unpivot'!$I:$I,'financial data unpivot'!$C:$C,'Менеджеры по месяцам'!$A27,'financial data unpivot'!$G:$G,'Менеджеры по месяцам'!G$18),0) -> 0 | J27: =IFERROR(SUMIFS('financial data unpivot'!$K:$K,'financial data unpivot'!$C:$C,'Менеджеры по месяцам'!$A27,'financial data unpivot'!$G:$G,'Менеджеры по месяцам'!H$18)/SUMIFS('financial data unpivot'!$I:$I,'financial data unpivot'!$C:$C,'Менеджеры по месяцам'!$A27,'financial data unpivot'!$G:$G,'Менеджеры по месяцам'!H$18),0) -> 0 | K27: =IFERROR(SUMIFS('financial data unpivot'!$K:$K,'financial data unpivot'!$C:$C,'Менеджеры по месяцам'!$A27,'financial data unpivot'!$G:$G,'Менеджеры по месяцам'!I$18)/SUMIFS('financial data unpivot'!$I:$I,'financial data unpivot'!$C:$C,'Менеджеры по месяцам'!$A27,'financial data unpivot'!$G:$G,'Менеджеры по месяцам'!I$18),0) -> 0 | ... O27: =IFERROR(SUMIFS('financial data unpivot'!$K:$K,'financial data unpivot'!$C:$C,'Менеджеры по месяцам'!$A27,'financial data unpivot'!$G:$G,'Менеджеры по месяцам'!M$18)/SUMIFS('financial data unpivot'!$I:$I,'financial data unpivot'!$C:$C,'Менеджеры по месяцам'!$A27,'financial data unpivot'!$G:$G,'Менеджеры по месяцам'!M$18),0) -> 0
A28: без А/М | D28: =IFERROR(SUMIFS('financial data unpivot'!$K:$K,'financial data unpivot'!$C:$C,'Менеджеры по месяцам'!$A28,'financial data unpivot'!$G:$G,'Менеджеры по месяцам'!B$18)/SUMIFS('financial data unpivot'!$I:$I,'financial data unpivot'!$C:$C,'Менеджеры по месяцам'!$A28,'financial data unpivot'!$G:$G,'Менеджеры по месяцам'!B$18),0) -> 0 | E28: =IFERROR(SUMIFS('financial data unpivot'!$K:$K,'financial data unpivot'!$C:$C,'Менеджеры по месяцам'!$A28,'financial data unpivot'!$G:$G,'Менеджеры по месяцам'!C$18)/SUMIFS('financial data unpivot'!$I:$I,'financial data unpivot'!$C:$C,'Менеджеры по месяцам'!$A28,'financial data unpivot'!$G:$G,'Менеджеры по месяцам'!C$18),0) -> 0 | F28: =IFERROR(SUMIFS('financial data unpivot'!$K:$K,'financial data unpivot'!$C:$C,'Менеджеры по месяцам'!$A28,'financial data unpivot'!$G:$G,'Менеджеры по месяцам'!D$18)/SUMIFS('financial data unpivot'!$I:$I,'financial data unpivot'!$C:$C,'Менеджеры по месяцам'!$A28,'financial data unpivot'!$G:$G,'Менеджеры по месяцам'!D$18),0) -> 0 | G28: =IFERROR(SUMIFS('financial data unpivot'!$K:$K,'financial data unpivot'!$C:$C,'Менеджеры по месяцам'!$A28,'financial data unpivot'!$G:$G,'Менеджеры по месяцам'!E$18)/SUMIFS('financial data unpivot'!$I:$I,'financial data unpivot'!$C:$C,'Менеджеры по месяцам'!$A28,'financial data unpivot'!$G:$G,'Менеджеры по месяцам'!E$18),0) -> 0 | H28: =IFERROR(SUMIFS('financial data unpivot'!$K:$K,'financial data unpivot'!$C:$C,'Менеджеры по месяцам'!$A28,'financial data unpivot'!$G:$G,'Менеджеры по месяцам'!F$18)/SUMIFS('financial data unpivot'!$I:$I,'financial data unpivot'!$C:$C,'Менеджеры по месяцам'!$A28,'financial data unpivot'!$G:$G,'Менеджеры по месяцам'!F$18),0) -> 0 | I28: =IFERROR(SUMIFS('financial data unpivot'!$K:$K,'financial data unpivot'!$C:$C,'Менеджеры по месяцам'!$A28,'financial data unpivot'!$G:$G,'Менеджеры по месяцам'!G$18)/SUMIFS('financial data unpivot'!$I:$I,'financial data unpivot'!$C:$C,'Менеджеры по месяцам'!$A28,'financial data unpivot'!$G:$G,'Менеджеры по месяцам'!G$18),0) -> 0 | J28: =IFERROR(SUMIFS('financial data unpivot'!$K:$K,'financial data unpivot'!$C:$C,'Менеджеры по месяцам'!$A28,'financial data unpivot'!$G:$G,'Менеджеры по месяцам'!H$18)/SUMIFS('financial data unpivot'!$I:$I,'financial data unpivot'!$C:$C,'Менеджеры по месяцам'!$A28,'financial data unpivot'!$G:$G,'Менеджеры по месяцам'!H$18),0) -> 0 | K28: =IFERROR(SUMIFS('financial data unpivot'!$K:$K,'financial data unpivot'!$C:$C,'Менеджеры по месяцам'!$A28,'financial data unpivot'!$G:$G,'Менеджеры по месяцам'!I$18)/SUMIFS('financial data unpivot'!$I:$I,'financial data unpivot'!$C:$C,'Менеджеры по месяцам'!$A28,'financial data unpivot'!$G:$G,'Менеджеры по месяцам'!I$18),0) -> 0 | ... O28: =IFERROR(SUMIFS('financial data unpivot'!$K:$K,'financial data unpivot'!$C:$C,'Менеджеры по месяцам'!$A28,'financial data unpivot'!$G:$G,'Менеджеры по месяцам'!M$18)/SUMIFS('financial data unpivot'!$I:$I,'financial data unpivot'!$C:$C,'Менеджеры по месяцам'!$A28,'financial data unpivot'!$G:$G,'Менеджеры по месяцам'!M$18),0) -> 0
